Room ID,Capacity,Building Name,Room Number,Status,Condition,Booking ID,Booking User ID,Booking Date,Booking Start Time,Booking End Time
784f29cf-14c2-4bd7-9f0d-0f6a6e255557,10,BuildingA,101,ENABLED,Reserved,,569f0fd8-c905-4117-848d-6099b851d39e,2024-01-23,15:00,11:00
731a927e-adfa-4f7a-bef1-615700e72ef6,20,BuildingB,202,ENABLED,Available,,,,,
90f74c86-5647-4de9-b639-378e02419124,15,BuildingI,909,ENABLED,Available,,,,,
ebff0c69-bb0f-4224-a342-311ccb594c8a,25,BuildingD,404,ENABLED,Available,,,,,
56487286-1bd1-4543-9431-ba06a33560f9,20,BuildingEdit,EDIT001,ENABLED,Available,,,,,
930907bf-529a-4cf1-8d67-768bf7919e19,90,BuildingCSV14,CSV014,ENABLED,Maintenance,,a9a3d0bc-b242-4ab2-9145-cdc84b68cc59,2024-01-19,20:00,21:00
ae289ad0-325f-49d3-ab6e-f4e40b1b367e,15,BuildingK,1111,ENABLED,Available,,,,,
20da1803-cc1b-491f-84a1-3dcd3fa08dad,20,BuildingT,2020,ENABLED,InUse,,e0c35aeb-5dea-4157-b6ad-f5630071973a,07/12/2025,10:00,11:00
dc7fa15c-daf3-47d7-a7f6-e731ad4b7409,80,BuildingCSV12,CSV012,ENABLED,Available,,,,,
88ab721e-c564-4f48-b0a0-1e750159433b,95,BuildingCSV15,CSV015,ENABLED,Reserved,,,,,
6d677049-1a78-4ca3-9d00-1f98c5e66cf1,100,BuildingCSV16,CSV016,ENABLED,Available,,,,,
0dc1e31f-aaf0-44dd-bd47-4069ca8ae8e1,85,BuildingCSV13,CSV013,ENABLED,Available,,,,,
04c4a3c9-e2f1-45b7-a893-7d650ad37993,15,BuildingState,STATE001,ENABLED,InUse,,,,,
e518ae57-7cdd-47f2-b3a7-9bacf743c6fc,15,BuildingX,2424,ENABLED,Reserved,,dc5aa2fb-925f-4acb-ac85-3e0d26919e83,07/12/2025,10:00,11:00
73ea1c30-a719-4448-9698-1ea06ad9e5db,10,BuildingW,2323,ENABLED,Reserved,,e2f223a8-d9e9-4390-8542-3bf8bac7f3a0,07/12/2025,10:00,11:00
c4843dad-9b2b-4f28-884a-29b2fead4176,45,BuildingCSV5,CSV005,DISABLED,Available,,,,,
62afd465-f653-40b0-ae9f-b6f4ea9a6bb2,10,BuildingE,505,DISABLED,Available,,,,,
43267af7-0441-478a-bb3e-a291f22c0568,15,BuildingQ,1717,ENABLED,Available,,,,,
20500627-2561-4911-86fe-74d4012518a8,15,BuildingInfo,INFO001,ENABLED,Available,,,,,
2d9e7a21-0cee-49ff-b0b8-4953ef2aebfd,15,BuildingS,1919,ENABLED,Available,,,,,
52e70814-8a51-4ac2-af2c-9c3a707ff0e8,15,BuildingH,808,ENABLED,InUse,,7b461e6d-1793-4cb7-ab72-ee11860f2d1f,07/12/2025,10:00,11:00
7df008c0-5385-4e68-92b4-3c259301815a,15,BuildingF,606,ENABLED,Reserved,,b8eb93d8-3509-4ced-befc-35eb38e63790,07/12/2025,10:00,11:00
8368ec74-5cc9-487f-9ff1-3ed47579a4c0,60,BuildingCSV8,CSV008,ENABLED,Available,,,,,
326f3e5e-8a02-4749-8d22-39c83ceb6f6c,30,BuildingCSV2,CSV002,ENABLED,Available,,573856f2-0cd2-4dc2-a0eb-b31d67c9bd56,2024-01-15,10:00,11:00
4f9a6cc5-81cf-453d-85d1-ff9548413c07,5,BuildingV,2222,ENABLED,Reserved,,9ca7a4d5-0c08-4d88-91b3-dd2cb80460b0,07/12/2025,10:00,11:00
be040574-a8bd-438c-a05f-7b1d96b4142a,15,BuildingJ,1010,ENABLED,Available,,,,,
320183aa-3ed4-4764-854f-6d97efdbeca8,35,BuildingCSV3,CSV003,ENABLED,Available,,,,,
c64dc011-5b20-40c8-b94c-a6dd986545b8,50,BuildingCSV6,CSV006,ENABLED,Maintenance,,,,,
028e7ed2-2eff-47a2-ae90-ae80d9c061a5,20,BuildingU,2121,ENABLED,Available,,,,,
bb913e81-b2c2-48d7-a8be-614e30692637,15,BuildingN,1414,ENABLED,Available,,,,,
48aeab04-97e9-4f68-87b8-3a4671992893,15,BuildingP,1616,ENABLED,Maintenance,,,,,
9564883f-d36a-4cbb-a834-51771d935f64,15,BuildingR,1818,ENABLED,Available,,,,,
28758422-e2b6-431c-9ccb-2fc9563f44e4,15,BuildingL,1212,ENABLED,Available,,,,,
d6c34530-3f14-4f33-a45f-79c1735a19b4,30,BuildingC,303,ENABLED,Available,,,,,
9e45c174-7b6d-48bb-9857-8e9d5ce59588,75,BuildingCSV11,CSV011,ENABLED,Available,,,,,
a84d7af3-72f1-4c39-a5e9-e76d47d7bc23,55,BuildingCSV7,CSV007,ENABLED,Available,,7fa83243-573b-4ccd-abf9-22b80688e374,2024-01-17,16:00,17:00
1ca3c413-a5eb-4679-b824-7cfdce3d93b8,15,BuildingO,1515,DISABLED,Available,,,,,
001d6c65-8391-4293-b8da-c0cfd65a095e,15,BuildingM,1313,ENABLED,Reserved,,b6c60a5f-d69c-47e1-903b-48f705e0eb65,07/12/2025,10:00,11:00
0644bebe-148b-491e-a322-7f71abe95282,25,BuildingCSV1,CSV001,ENABLED,Available,,,,,
f9c19c48-627c-47ad-b8bd-5af4c2a7a67b,15,BuildingG,707,DISABLED,Available,,,,,
ef3bd9af-518a-43ef-b590-88bc538389a4,15,BuildingStatus,STATUS001,ENABLED,Available,,,,,
7fc73f4e-acc3-4da5-af6b-f833305981af,40,BuildingCSV4,CSV004,ENABLED,Reserved,,e298c1d9-18d9-41c3-a304-ba50f5a4d1b2,2024-01-16,14:00,15:00
11d0dbe1-62e1-4391-a2f7-2221b26ae81f,90,BuildingCSV14,CSV014,ENABLED,Maintenance,,3d023259-7473-492d-9b08-5934ef27905e,2024-01-19,20:00,21:00
502ad57d-e208-4a16-ab13-bc792d82ff2f,80,BuildingCSV12,CSV012,ENABLED,Available,,,,,
d7911447-e876-4bc7-9ff8-24778efb0df8,95,BuildingCSV15,CSV015,ENABLED,Reserved,,,,,
831d0b48-5ade-4058-a277-6c873d0e70ae,100,BuildingCSV16,CSV016,ENABLED,Available,,,,,
401570d2-aa3d-4d8e-9503-3632fad31d05,85,BuildingCSV13,CSV013,ENABLED,Available,,,,,
a08da3c6-839c-4b56-aba0-b2f0c3db09d3,45,BuildingCSV5,CSV005,DISABLED,Available,,,,,
2cc49c67-884d-47ae-aaa9-1d902cebe6aa,60,BuildingCSV8,CSV008,ENABLED,Available,,,,,
788d1a94-f69f-424a-a910-282612c5eb3a,30,BuildingCSV2,CSV002,ENABLED,Available,,55dc09c2-acd7-40b1-a167-01c25bb6eea5,2024-01-15,10:00,11:00
3b8ecd42-8e84-459a-830f-09fee0d09e5d,35,BuildingCSV3,CSV003,ENABLED,Available,,,,,
9e360d16-3783-4682-aa69-908503769c8b,50,BuildingCSV6,CSV006,ENABLED,Maintenance,,,,,
402c93f1-9fb7-4c15-89dd-07661a52a6a2,75,BuildingCSV11,CSV011,ENABLED,Available,,,,,
3fc4f990-3297-4e5a-8e8e-d0c74840f5c6,55,BuildingCSV7,CSV007,ENABLED,Available,,378a5146-74e5-47c9-a333-4a7d59983363,2024-01-17,16:00,17:00
65fceeae-54ac-4194-a144-24b8e48e4751,25,BuildingCSV1,CSV001,ENABLED,Available,,,,,
b4177ec0-ee68-40fe-bffc-083ad001924b,40,BuildingCSV4,CSV004,ENABLED,Reserved,,f87a8cd1-5fc2-480d-90a8-23d2c9190b06,2024-01-16,14:00,15:00
51d816b4-2116-4f97-ac5a-c519d942d953,90,BuildingCSV14,CSV014,ENABLED,Maintenance,,bdcea857-4a8e-411b-9cbf-b4af20e33656,2024-01-19,20:00,21:00
b7c3417d-b4ff-4a29-a615-d6c1d980d124,80,BuildingCSV12,CSV012,ENABLED,Available,,,,,
5ba64ec7-0b34-4757-a360-9289e0246844,95,BuildingCSV15,CSV015,ENABLED,Reserved,,,,,
b430789b-79a2-492e-953e-755adafc6ac9,100,BuildingCSV16,CSV016,ENABLED,Available,,,,,
d070aecf-9ee5-42d2-8c55-754cb1cd6d48,85,BuildingCSV13,CSV013,ENABLED,Available,,,,,
2241b2e8-4443-4358-bac1-c858d12f4a22,45,BuildingCSV5,CSV005,DISABLED,Available,,,,,
d4fe0199-b120-4bbe-be86-aff966e3d6cb,60,BuildingCSV8,CSV008,ENABLED,Available,,,,,
a2490a26-e0e8-489d-b642-c4701dd9df54,30,BuildingCSV2,CSV002,ENABLED,Available,,fd9b2f05-83ba-45e7-a632-4130e396c8a2,2024-01-15,10:00,11:00
39f4753b-ce95-4fd5-b77c-6191758c0cb0,35,BuildingCSV3,CSV003,ENABLED,Available,,,,,
f3df7766-7fd1-4f46-b81f-ceaf3a8369b2,50,BuildingCSV6,CSV006,ENABLED,Maintenance,,,,,
b3f313c8-1dfc-4a46-9353-cbd55894d006,75,BuildingCSV11,CSV011,ENABLED,Available,,,,,
4e1651c3-53c2-4f38-954f-ae3ab899e614,55,BuildingCSV7,CSV007,ENABLED,Available,,e0bbd81d-3a5e-422a-b3b1-0fb848a10638,2024-01-17,16:00,17:00
ae624812-7874-4d06-bd04-ea88d8632e73,25,BuildingCSV1,CSV001,ENABLED,Available,,,,,
72fb2b0f-b52b-4c88-893f-85b30bd0e0bc,40,BuildingCSV4,CSV004,ENABLED,Reserved,,50572ace-42dc-4a4b-8203-866dee37b9d7,2024-01-16,14:00,15:00
1c8f72d5-cdb9-4718-b8fa-22c8bc35448d,90,BuildingCSV14,CSV014,ENABLED,Maintenance,,1fe93055-aef1-4a07-810a-b41f0499175d,2024-01-19,20:00,21:00
f1643e2d-da22-4928-b990-fd29a928a127,80,BuildingCSV12,CSV012,ENABLED,Available,,,,,
fabd5e17-5f00-41c7-9eb0-e8ade8991d02,95,BuildingCSV15,CSV015,ENABLED,Reserved,,,,,
8ae57812-4b52-4bd0-b64a-274b4769f447,100,BuildingCSV16,CSV016,ENABLED,Available,,,,,
56574d56-0693-47a4-9991-96f7d8df6c47,85,BuildingCSV13,CSV013,ENABLED,Available,,,,,
ee674d2a-75af-4ac6-8cce-b426d4f26595,45,BuildingCSV5,CSV005,DISABLED,Available,,,,,
f607f3a3-fa64-4bcc-ad95-35fec5a884c8,60,BuildingCSV8,CSV008,ENABLED,Available,,,,,
08bd3cd8-305a-4a22-999d-ee14fca14bb4,30,BuildingCSV2,CSV002,ENABLED,Available,,0bc136f8-b619-466b-822b-59d2959f28cd,2024-01-15,10:00,11:00
220f2a4f-24ed-458a-92a4-e6f077f66505,35,BuildingCSV3,CSV003,ENABLED,Available,,,,,
845350ee-458c-4716-9256-eef989625c6c,50,BuildingCSV6,CSV006,ENABLED,Maintenance,,,,,
8b2bc7aa-ee75-4bea-bb73-aa607ac66993,75,BuildingCSV11,CSV011,ENABLED,Available,,,,,
69363c4f-60ef-4d01-b861-f2f4abee35ba,55,BuildingCSV7,CSV007,ENABLED,Available,,f5a3d7af-0bd0-4ea6-bbb0-00008ab30cf8,,,
74973f31-85e5-4319-91c0-6601cf499382,15,BuildingName,NAME001,ENABLED,Available,,,,,
9442253c-444c-46ce-ae21-1550193e5114,15,BuildingName,NAME001,ENABLED,Available,,,,,
64d0759f-42f8-4ce7-b43c-e5bbc7341260,15,BuildingMatch,MATCH001,ENABLED,InUse,,,,,
65f1ea1f-f043-42f0-8bb4-a1a8f1105633,15,BuildingP,1616,ENABLED,Maintenance,,,,,
e48981bc-2b9d-42ca-ae19-1bea1037f8dd,15,BuildingMatch7,MATCH007,ENABLED,InUse,,,,,
d93971b7-8c02-4ed8-9646-76c3c1a603da,15,BuildingGen,GEN001,ENABLED,Available,,,,,
652c3445-dfa9-440a-9263-f7679b040bbf,15,BuildingGen,GEN001,ENABLED,Available,,,,,
e994a8f7-c271-40d2-9e48-f2e516ec3b53,75,BuildingCSV11,CSV011,ENABLED,Available,,,,,
0f0d14d4-6fce-40d9-aee2-a5df82004b81,55,BuildingCSV7,CSV007,ENABLED,Available,,1a2570b9-851f-4fce-add3-e6ca83da52fa,2024-01-17,16:00,17:00
0dd39273-fa22-4683-bdb7-73fec78f28f7,75,BuildingCSV11,CSV011,ENABLED,Available,,,,,
899e25da-8978-4e9b-98ad-ea627832555b,55,BuildingCSV7,CSV007,ENABLED,Available,,0a9a2cad-f05a-4840-b751-385ab5978c9a,2024-01-17,16:00,17:00
54e327ef-5181-4241-bb8b-a39a8e8eee28,15,BuildingGen2,GEN002,ENABLED,Available,,,,,
dffeb96d-83ea-41e5-bd68-4202ce8369d0,15,BuildingGen2,GEN002,ENABLED,Available,,,,,
14fd8a46-b41e-4251-96a0-2be960a7ad28,15,BuildingFail,FAIL001,DISABLED,Available,,,,,
d94714a7-cb1c-4234-91bc-9b01341cd63e,15,BuildingFail,FAIL001,DISABLED,Available,,,,,
1ddc3c45-4242-4f4a-8570-49638ddc0671,15,BuildingFind,FIND001,ENABLED,Available,,,,,
8df8e223-7b4a-48d4-bbc8-6c3c24437927,15,BuildingCase,CASE001,ENABLED,InUse,,,,,
48a040f2-34fb-43b1-81ac-df3e07652776,15,BuildingCheckIn,CHECKIN001,ENABLED,InUse,,,,,
28eba1b2-5a8c-4bbd-83c2-2b0793f9aa74,40,BuildingCSV4,CSV004,ENABLED,Reserved,,a938a5a2-57dd-43cb-b812-c20be3fb358d,2024-01-16,14:00,15:00
d99728e3-ac9b-40be-9440-6cfde6138d97,15,BuildingMatch3,MATCH003,ENABLED,Available,,,,,
56056b13-3b7d-42f3-97d0-c955fb65874d,15,BuildingID,ID001,ENABLED,Available,,,,,
8b9ef03d-5803-4614-938c-a54121c84248,15,BuildingNull,NULL001,ENABLED,Available,,,,,
56afac49-4fc9-48c5-9c8a-792fb2de6ba2,90,BuildingCSV14,CSV014,ENABLED,Maintenance,,9fdcc5d9-4e2c-4530-afac-27f27a5940a8,2024-01-19,20:00,21:00
d5c27fbe-d894-47ac-9e94-ecc80392aa72,80,BuildingCSV12,CSV012,ENABLED,Available,,,,,
b1a79422-3815-4623-ad03-974012fd14d7,95,BuildingCSV15,CSV015,ENABLED,Reserved,,,,,
6d099bd2-3469-4b55-8384-fd08ca5af1c6,100,BuildingCSV16,CSV016,ENABLED,Available,,,,,
15bcf1bc-f532-40b1-91e3-739fa717911d,15,BuildingEmpty,EMPTY001,ENABLED,Available,,,,,
b2d16b19-7570-4089-a22b-f68d46ccf739,85,BuildingCSV13,CSV013,ENABLED,Available,,,,,
e55af553-ad91-4c96-b270-be0ac445415e,45,BuildingCSV5,CSV005,DISABLED,Available,,,,,
e4928e8d-41dc-4eb0-9af7-c3ef43ce7ab8,15,BuildingMatch2,MATCH002,ENABLED,Available,,,,,
143bb055-9d12-4cf5-99ef-f056b94bfdf4,15,BuildingRS,RS001,ENABLED,Available,,,,,
97da008b-213d-4edc-b978-9e015320c82d,15,BuildingConflict,CONFLICT001,ENABLED,Available,,,,,
80d892f1-c225-4948-9006-94883482898e,15,BuildingMatch8,MATCH008,ENABLED,InUse,,,,,
683a5922-99c9-41fe-b53c-b0e29bb7ed1f,60,BuildingCSV8,CSV008,ENABLED,Available,,,,,
5d86407a-3365-4dc7-92e8-fac570df0330,15,BuildingState,STATE001,ENABLED,Available,,,,,
a272d6d6-8faa-4ba3-804f-e1b768c411e1,30,BuildingCSV2,CSV002,ENABLED,Available,,720c5392-b9b0-4c42-918e-565454e09e9e,2024-01-15,10:00,11:00
c27ae23c-231f-4fae-81e9-64359f864634,15,BuildingMatch5,MATCH005,ENABLED,Available,,,,,
2a7ce2ce-7f12-49c9-8f08-167e71b0772f,15,BuildingDisabled,DISABLED001,DISABLED,Available,,,,,
bf31b612-16f2-4d27-91a0-127c472fccb8,15,BuildingMatch6,MATCH006,ENABLED,InUse,,,,,
9e5045bc-dd52-4558-90bd-5f0f18d7cd74,35,BuildingCSV3,CSV003,ENABLED,Available,,,,,
1c5f6bdb-71d1-47c9-a801-ce75b907e68f,15,BuildingEmail,EMAIL001,ENABLED,Available,,,,,
d0c47bf2-5a7e-41e7-8179-058369772a40,50,BuildingCSV6,CSV006,ENABLED,Maintenance,,,,,
9e8418a8-2b6e-48ff-a646-fc0c0c3f86bb,15,BuildingMatch4,MATCH004,ENABLED,Maintenance,,,,,
759a951e-c784-490d-8c1a-7085a9eecc17,15,BuildingName,NAME001,ENABLED,Available,,,,,
e32bcba7-6848-4b9c-808a-b032fb57e254,15,BuildingGen,GEN001,ENABLED,Available,,,,,
ffce0222-d73c-4b86-81ac-3fd43843183b,75,BuildingCSV11,CSV011,ENABLED,Available,,,,,
3d0e1b2a-91a0-4725-8a05-de9e48bc0cb9,55,BuildingCSV7,CSV007,ENABLED,Available,,2c23ad93-8bdd-411f-bd1f-435434c8b602,2024-01-17,16:00,17:00
3d531c8c-4b9a-4578-80e6-429a1ec206c1,15,BuildingGen2,GEN002,ENABLED,Available,,,,,
dc1b446c-c355-4434-92f4-2aa05e1e869e,15,BuildingFail,FAIL001,ENABLED,Available,,,,,
16bfeee3-e16b-4550-bc82-564cf405d743,25,BuildingCSV1,CSV001,ENABLED,Available,,,,,
4988b56a-75a0-43b1-a010-0218fb85be17,15,BuildingEmpty,EMPTY001,ENABLED,Available,,,,,
1907a257-1065-438e-a032-eb0b93aae469,15,BuildingGen,GEN001,ENABLED,Available,,,,,
4cb1f07b-70ef-4238-b5e5-5672b6539a61,15,BuildingGen2,GEN002,ENABLED,Available,,,,,
9ca967e5-848e-4ffc-899d-fc54e82e736f,15,BuildingNull,NULL001,ENABLED,Available,,,,,
a28396d6-6379-4b70-8388-d2b4d8e759d9,15,BuildingID,ID001,ENABLED,Available,,,,,
aa904823-0571-4579-8b87-8986f5fb77e9,15,BuildingName,NAME001,ENABLED,Available,,,,,
85226df2-0ff6-416b-9699-01d76e0fe5ce,15,BuildingCase,CASE001,ENABLED,Available,,,,,
77155a94-3135-40ce-b474-5b20cbf42a1e,15,BuildingEmail,EMAIL001,ENABLED,Available,,,,,
e192fc9d-0529-41c2-83e9-63d03c1cf4f5,15,BuildingCheckIn,CHECKIN001,ENABLED,Available,,,,,
7412c4ea-687e-49b3-8b4d-98dbed023a8e,15,BuildingState,STATE001,ENABLED,Available,,,,,
c22a08d7-e660-48de-a8e5-573615e5e3b6,15,BuildingFail,FAIL001,ENABLED,Available,,,,,
39c37e9a-ca15-4019-b783-24bc68e3ba71,15,BuildingDisabled,DISABLED001,DISABLED,Available,,,,,
477b6543-58da-4497-b1a4-cddce9cd1958,15,BuildingRS,RS001,ENABLED,Available,,,,,
adfc1e50-c508-430b-b55c-24a580315a6d,15,BuildingConflict,CONFLICT001,ENABLED,Available,,,,,
ced7f051-9ae0-4928-8295-5d6eada8d772,15,BuildingFind,FIND001,ENABLED,Available,,,,,
35f2b1a8-4a41-4014-bf33-a77b3c6a4a8d,75,BuildingCSV11,CSV011,ENABLED,Available,,,,,
26f3ef54-3ab0-4dfd-9014-72889bc90793,85,BuildingCSV13,CSV013,ENABLED,Available,,,,,
e501ef56-80b8-461c-bdcd-9c9f15c14afc,80,BuildingCSV12,CSV012,ENABLED,Available,,,,,
2df54479-852a-4155-91aa-b52d73239af3,40,BuildingCSV4,CSV004,ENABLED,Reserved,,34832b56-904b-4ad2-a60b-104bd5f15580,2024-01-16,14:00,15:00
4eb4b514-6847-4b14-aad1-b64554590b17,55,BuildingCSV7,CSV007,ENABLED,Available,,2f083a93-e87e-4010-85af-58b0661708d1,2024-01-17,16:00,17:00
c04c29ee-e199-407a-9782-bf951a0a03d5,60,BuildingCSV8,CSV008,ENABLED,Available,,,,,
6e6c75c8-97c6-40b3-97ce-be5531a17bc7,50,BuildingCSV6,CSV006,ENABLED,Maintenance,,,,,
99d01a00-e552-4a58-b305-c9799ff52717,95,BuildingCSV15,CSV015,ENABLED,Reserved,,,,,
acbc1e3f-8869-4e99-947c-236d6927999d,100,BuildingCSV16,CSV016,ENABLED,Available,,,,,
5f177e2d-bf61-4cd4-9d7a-2ab4e4299563,45,BuildingCSV5,CSV005,DISABLED,Available,,,,,
2d779d28-2a0d-463f-92cf-e2e154a90b6c,25,BuildingCSV1,CSV001,ENABLED,Available,,,,,
452971d3-e261-4a4b-9170-1ebc5a85ad83,90,BuildingCSV14,CSV014,ENABLED,Maintenance,,3ae8d6d2-ed9e-4554-bdfe-d4321c060621,2024-01-19,20:00,21:00
f534e46f-e5c4-4b46-9fa7-94c49f925aa0,35,BuildingCSV3,CSV003,ENABLED,Available,,,,,
5542505a-f0a2-4a96-83b5-c454c8fb05ac,30,BuildingCSV2,CSV002,ENABLED,Available,,f1285aa2-c4c3-469a-b943-6cc237bc6dc8,2024-01-15,10:00,11:00
5c5ab67f-73f9-4ae1-8850-54a844f2332f,15,BuildingEmpty,EMPTY001,ENABLED,Available,,,,,
01477a1c-0886-42ab-bccc-06ae97ca3b26,15,BuildingGen,GEN001,ENABLED,Available,,,,,
f8359556-8d9c-4695-9cf4-8bc720b02d7b,15,BuildingGen2,GEN002,ENABLED,Available,,,,,
a67b5841-11b4-4c38-aa36-9b7b5cfd167e,15,BuildingNull,NULL001,ENABLED,Available,,,,,
7b62c497-1e3a-4d6b-8e4e-e5def64554ea,15,BuildingID,ID001,ENABLED,Available,,,,,
5ce3c3ef-8ef0-4314-bb98-03f15b98d699,15,BuildingName,NAME001,ENABLED,Available,,,,,
743ff6b5-85c6-4a4d-b83e-938ae477c7d0,15,BuildingCase,CASE001,ENABLED,Available,,,,,
7834bcb2-14a4-4632-94a7-9070768425db,15,BuildingEmail,EMAIL001,ENABLED,Available,,,,,
1e628d9d-2d82-4d95-9ba4-2addbb23f177,15,BuildingCheckIn,CHECKIN001,ENABLED,Available,,,,,
f154ab13-7d59-46c7-ba20-37b4dd3c36d2,15,BuildingState,STATE001,ENABLED,Available,,,,,
fbfee3eb-a009-4376-8927-d0f07f395131,15,BuildingFail,FAIL001,ENABLED,Available,,,,,
bfb2ea3f-1831-455e-8e40-bb5d191cf99d,15,BuildingDisabled,DISABLED001,DISABLED,Available,,,,,
225b38a6-9a67-47c2-8a9f-d941ec64949c,15,BuildingRS,RS001,ENABLED,Available,,,,,
7927a17e-8bcf-4d98-aebc-4e58f3dd65d4,15,BuildingConflict,CONFLICT001,ENABLED,Available,,,,,
dba5daf0-5709-4237-8e82-923c68a1a14b,15,BuildingFind,FIND001,ENABLED,Available,,,,,
24013473-8b55-4c40-9bb8-5e5142ca02cb,75,BuildingCSV11,CSV011,ENABLED,Available,,,,,
d3e2ea9f-f253-46d4-b5ce-c0086a059c35,85,BuildingCSV13,CSV013,ENABLED,Available,,,,,
c218f451-c9a4-40f3-96f7-e5591ff08d9f,80,BuildingCSV12,CSV012,ENABLED,Available,,,,,
cc74a621-d605-48b3-a7f5-b2b834527721,40,BuildingCSV4,CSV004,ENABLED,Reserved,,cdb44eff-87ba-44d1-b680-576c921543db,2024-01-16,14:00,15:00
b3f74bd6-dc4c-43df-a34e-4a97dd09f8df,55,BuildingCSV7,CSV007,ENABLED,Available,,67dc11e6-9878-426c-9c12-e0016ea3f4df,2024-01-17,16:00,17:00
712435ba-a433-42f1-b663-ffbaebaf7057,60,BuildingCSV8,CSV008,ENABLED,Available,,,,,
23ec7d88-7b3d-4214-adf2-5b4e9b97311f,50,BuildingCSV6,CSV006,ENABLED,Maintenance,,,,,
876f785c-0c4d-4c11-9ba1-42734b84e91f,95,BuildingCSV15,CSV015,ENABLED,Reserved,,,,,
d872e6e8-c702-497e-b988-e7e6f4f112a2,100,BuildingCSV16,CSV016,ENABLED,Available,,,,,
af992c95-aeb5-4d70-a82e-7f350adba212,45,BuildingCSV5,CSV005,DISABLED,Available,,,,,
f64c1bfc-8ddf-4903-ad27-a1fe3138811f,25,BuildingCSV1,CSV001,ENABLED,Available,,,,,
22b3e6af-231b-4dbc-a414-1fa40231ca33,90,BuildingCSV14,CSV014,ENABLED,Maintenance,,2e79dfb0-6d2e-4384-9736-c9391882c37c,2024-01-19,20:00,21:00
fe71e832-dd9c-44a5-ba0c-415f4f56b3bc,35,BuildingCSV3,CSV003,ENABLED,Available,,,,,
3b5b161c-3b4f-4c09-9928-e696621d3a1a,30,BuildingCSV2,CSV002,ENABLED,Available,,771fe859-2601-4435-ac5b-3dc05e00e660,2024-01-15,10:00,11:00
b05ad4a3-284f-4fcd-8c19-9c2991c9e4e1,15,BuildingEmpty,EMPTY001,ENABLED,Available,,,,,
6f99ae2c-aa4e-494a-9265-a570198407f5,15,BuildingGen,GEN001,ENABLED,Available,,,,,
56c1b5c0-9055-4852-a278-24eb7715fb1b,15,BuildingGen2,GEN002,ENABLED,Available,,,,,
a0bd9515-0988-47ba-9f6a-f5da5acf8547,15,BuildingNull,NULL001,ENABLED,Available,,,,,
a1f18aef-8b7f-4736-8f4b-c71362d10505,15,BuildingID,ID001,ENABLED,Available,,,,,
b7f74056-38eb-4c34-8f85-a91ab04bb4ed,15,BuildingName,NAME001,ENABLED,Available,,,,,
e456baf4-011c-4a50-a9ee-4f99b2a4252e,15,BuildingFind,FIND001,ENABLED,Available,,,,,
2a9fa99d-2cb7-4896-9f51-c35c7757b74a,15,BuildingCase,CASE001,ENABLED,Available,,,,,
89927971-7300-4bf4-b5c0-9e4973127bf9,15,BuildingCheckIn,CHECKIN001,ENABLED,Available,,,,,
ab2bac0d-70bb-4f1c-8af8-d4bf5c384b7c,40,BuildingCSV4,CSV004,ENABLED,Reserved,,5cec0b10-d5a6-498d-a51c-84be4176bde4,2024-01-16,14:00,15:00
a955f9a2-9e3b-4055-b927-cbac53a008a9,15,BuildingID,ID001,ENABLED,Available,,,,,
e182c159-89e6-49dd-b56b-ae34e3683f8e,15,BuildingNull,NULL001,ENABLED,Available,,,,,
0c0ed0e8-9726-46f1-8c8e-bc299878473a,90,BuildingCSV14,CSV014,ENABLED,Maintenance,,1459c5fd-ae07-4b44-85ce-854a3232d0d9,2024-01-19,20:00,21:00
b2dad10e-0171-49c1-9624-a13589232330,80,BuildingCSV12,CSV012,ENABLED,Available,,,,,
f4d41fc5-ff8f-48ff-86be-9ccb61f46f1a,95,BuildingCSV15,CSV015,ENABLED,Reserved,,,,,
3b441fd6-29c3-428c-8545-fad32c7c20cd,100,BuildingCSV16,CSV016,ENABLED,Available,,,,,
efe3aeb6-74d7-4018-91e6-f6fc9b557062,15,BuildingEmpty,EMPTY001,ENABLED,Available,,,,,
b01d9cf1-eea8-4a96-b382-10ed7765bc83,85,BuildingCSV13,CSV013,ENABLED,Available,,,,,
5c0b7dca-ed38-4cd1-be0e-7859770028c8,45,BuildingCSV5,CSV005,DISABLED,Available,,,,,
fd3c9acb-101f-45b3-b75d-2f021cf8e9c1,15,BuildingRS,RS001,ENABLED,Available,,,,,
bfb16b9b-579b-4fe4-b40e-8013fd6444bd,15,BuildingConflict,CONFLICT001,ENABLED,Available,,,,,
3ba68fe1-aa2e-4f90-bc62-793a053b8c6d,60,BuildingCSV8,CSV008,ENABLED,Available,,,,,
86825532-bae6-4f45-a469-87af8e2ec21c,15,BuildingState,STATE001,ENABLED,Available,,,,,
2983f980-3211-4a6c-b0b4-64945aa14791,30,BuildingCSV2,CSV002,ENABLED,Available,,1c0c8d71-2623-42d0-8353-6bee123bc556,2024-01-15,10:00,11:00
231f40a6-2db0-4811-84be-8fd038810af5,15,BuildingDisabled,DISABLED001,DISABLED,Available,,,,,
ae197d06-f176-4fa4-8724-c81db0a696eb,35,BuildingCSV3,CSV003,ENABLED,Available,,,,,
26e98628-6db3-40b5-9e2e-f2ab4f90fa50,15,BuildingEmail,EMAIL001,ENABLED,Available,,,,,
c7304dda-2750-44e9-9b47-0f3419ef557f,50,BuildingCSV6,CSV006,ENABLED,Maintenance,,,,,
f994d4b6-b3ff-43c0-aafa-77f80b9dd862,15,BuildingName,NAME001,ENABLED,Available,,,,,
bf0be3ec-7b6c-4f37-a100-87eaa57fb945,15,BuildingGen,GEN001,ENABLED,Available,,,,,
98fde724-0c84-47f9-a37f-deb85f3e8e4d,75,BuildingCSV11,CSV011,ENABLED,Available,,,,,
2a4d1c96-cf4f-4326-aab6-f1f1d12cf957,55,BuildingCSV7,CSV007,ENABLED,Available,,f8c86f85-60d7-424e-bcaf-d5871e675647,2024-01-17,16:00,17:00
66ae9edd-5af4-424d-996a-9ff12e70ac99,15,BuildingGen2,GEN002,ENABLED,Available,,,,,
5460b9b5-5908-42e4-90e3-895bb5acb1f2,15,BuildingFail,FAIL001,ENABLED,Available,,,,,
fbe3cae4-784c-4ad9-a8b2-25a710f51cf6,25,BuildingCSV1,CSV001,ENABLED,Available,,,,,
7245e23a-ed6a-49b7-8fd3-fe14ee0dba15,15,BuildingID,ID001,ENABLED,Available,,,,,
3a579d94-4aa5-4b09-b5f5-1e9d098e0f50,15,BuildingNull,NULL001,ENABLED,Available,,,,,
03a75a53-a941-4c2e-a491-d40ad10f0217,15,BuildingEmpty,EMPTY001,ENABLED,Available,,,,,
d3a0dca1-6beb-4f71-964a-e01305f7985b,15,BuildingName,NAME001,ENABLED,Available,,,,,
2c2ae7d1-08be-4d5c-907d-5e58ab0ab71a,15,BuildingGen,GEN001,ENABLED,Available,,,,,
d248d91c-a390-4c2f-863d-1de354165630,15,BuildingGen2,GEN002,ENABLED,Available,,,,,
fe7e15ae-e241-467f-9283-f7ab49eefe1d,15,BuildingID,ID001,ENABLED,Available,,,,,
d0b80f13-4ed0-4b28-89a1-7d60436906ac,15,BuildingNull,NULL001,ENABLED,Available,,,,,
4c48de50-a6b6-4d81-ab80-7aa712142571,15,BuildingEmpty,EMPTY001,ENABLED,Available,,,,,
b0b0c2e9-1f41-46f5-ac47-45d3ba3d76e5,15,BuildingName,NAME001,ENABLED,Available,,,,,
929eda23-99cc-47de-9168-ab1e6407287b,15,BuildingGen,GEN001,ENABLED,Available,,,,,
b8f738b1-e6ed-4f0c-b547-3063eb61fb19,15,BuildingGen2,GEN002,ENABLED,Available,,,,,
2bb2e4b0-530b-4a54-83fb-78dc5fa4eeb8,15,BuildingFind,FIND001,ENABLED,Available,,,,,
a4be3443-2a7a-4ee4-8675-fb7a00b235f6,15,BuildingCase,CASE001,ENABLED,Available,,,,,
afe18052-12c7-4667-a206-5c45a4f21a5e,15,BuildingCheckIn,CHECKIN001,ENABLED,Available,,,,,
c9f2a40b-6d53-4c5b-91f4-b7e6d4f777fe,40,BuildingCSV4,CSV004,ENABLED,Reserved,,1fdb2e0e-662d-4110-9149-d82bb7f8d58c,2024-01-16,14:00,15:00
a0d2c76d-836a-44a1-9702-a2ca42f6fd0a,15,BuildingID,ID001,ENABLED,Available,,,,,
384d25be-1277-44fe-80ef-978687792fc5,15,BuildingNull,NULL001,ENABLED,Available,,,,,
e18ec5cd-ac7a-4cef-bce6-fd8fa0928aed,90,BuildingCSV14,CSV014,ENABLED,Maintenance,,beba041c-c42e-4515-ab49-cdf4f7fa9d51,2024-01-19,20:00,21:00
14cfe6b5-0538-4d50-bdb2-9ff294daa464,80,BuildingCSV12,CSV012,ENABLED,Available,,,,,
bbf0fa70-7f67-410d-bd4f-a323df4e812e,95,BuildingCSV15,CSV015,ENABLED,Reserved,,,,,
cb34d373-aa2b-4eb3-b5fb-b618966708be,100,BuildingCSV16,CSV016,ENABLED,Available,,,,,
0947c894-0a54-4a6b-9c5d-482ba217202a,15,BuildingEmpty,EMPTY001,ENABLED,Available,,,,,
82dad44d-0f58-4d8e-b5ad-61999e59c5ea,85,BuildingCSV13,CSV013,ENABLED,Available,,,,,
7630e025-e5f0-4d5d-bf09-f82ce0035d17,45,BuildingCSV5,CSV005,DISABLED,Available,,,,,
ef6e0edb-e898-4150-963d-a8496324c268,15,BuildingRS,RS001,ENABLED,Available,,,,,
f7bdd806-23cf-47fb-af60-34dc88736fd9,15,BuildingConflict,CONFLICT001,ENABLED,Available,,,,,
ad64de81-b0e4-414b-bdda-3b0d1c4a713c,60,BuildingCSV8,CSV008,ENABLED,Available,,,,,
9b2e896b-eda2-417a-8c80-168ea943ff59,15,BuildingState,STATE001,ENABLED,Available,,,,,
11376891-75fc-4e61-b742-f7aeee9177e1,30,BuildingCSV2,CSV002,ENABLED,Available,,2405bd71-91b0-41db-9bdc-8549b65ef687,2024-01-15,10:00,11:00
2029077c-0963-4f01-aed7-c824f07f8797,15,BuildingDisabled,DISABLED001,DISABLED,Available,,,,,
ab526f5d-4bba-4cd2-82f3-4d6ce411828c,35,BuildingCSV3,CSV003,ENABLED,Available,,,,,
7221735e-5cc9-4a02-a3e5-d205e84639e1,15,BuildingEmail,EMAIL001,ENABLED,Available,,,,,
ec47e585-401a-4b4d-aac0-50e7b94aedac,50,BuildingCSV6,CSV006,ENABLED,Maintenance,,,,,
438c4519-7de3-4828-9f28-035ea4002154,15,BuildingName,NAME001,ENABLED,Available,,,,,
b6567794-39ff-468b-bd4c-f91d3793867c,15,BuildingGen,GEN001,ENABLED,Available,,,,,
a685a0f7-0562-44bd-a9c0-736c379277c4,75,BuildingCSV11,CSV011,ENABLED,Available,,,,,
eb8f4430-a606-4a7f-bdff-e8ae60420127,55,BuildingCSV7,CSV007,ENABLED,Available,,76897ce1-df31-4f95-9090-c37888a2f2cc,2024-01-17,16:00,17:00
dbcc1f25-6297-4ae0-9577-5493cc762676,15,BuildingGen2,GEN002,ENABLED,Available,,,,,
808cab4a-231f-43eb-b41b-ee5cfb6a7473,15,BuildingFail,FAIL001,ENABLED,Available,,,,,
5f502f1b-7192-49e5-98a5-4cc71af14e7a,25,BuildingCSV1,CSV001,ENABLED,Available,,,,,
185e4859-cd98-4a11-ac65-ed42ecbf60c2,15,BuildingID,ID001,ENABLED,Available,,,,,
c3a51b30-c4d5-4fac-b072-da16b9f75f36,15,BuildingNull,NULL001,ENABLED,Available,,,,,
810ab606-9a36-45c4-9ebe-f9b1b3c638e3,15,BuildingEmpty,EMPTY001,ENABLED,Available,,,,,
9a062aef-4f86-4319-9164-91759a10c81a,15,BuildingName,NAME001,ENABLED,Available,,,,,
f044c7c7-c0b1-4ed1-87a5-1ce8979346b1,15,BuildingGen,GEN001,ENABLED,Available,,,,,
79a72b78-36ef-498a-8d64-a151ab82c0e3,15,BuildingGen2,GEN002,ENABLED,Available,,,,,
637e0091-679e-4dc8-a6fb-b9d21eb13739,15,BuildingFind,FIND001,ENABLED,Available,,,,,
29301285-48a3-454d-95f6-9dd8cb4d5827,15,BuildingCase,CASE001,ENABLED,Available,,,,,
907dde34-c0db-4879-b323-c318a2117816,15,BuildingCheckIn,CHECKIN001,ENABLED,Available,,,,,
18549335-367e-40b9-b5ba-1d4d3d374d54,40,BuildingCSV4,CSV004,ENABLED,Reserved,,8c6f4065-bd4f-4aa9-8386-88f3d83a079c,2024-01-16,14:00,15:00
bde2f82a-1e3a-4030-ad64-75adf9fe8395,15,BuildingID,ID001,ENABLED,Available,,,,,
8a1aad3e-e154-4d6f-b774-151c2d540299,15,BuildingNull,NULL001,ENABLED,Available,,,,,
69e68998-b0e3-4e26-b430-fb3ea7b6a594,90,BuildingCSV14,CSV014,ENABLED,Maintenance,,fb79a5af-cdd1-4cf6-9a89-e60b7f41150f,2024-01-19,20:00,21:00
25c3ddcc-5d2a-441d-8bb8-776e7a81d128,80,BuildingCSV12,CSV012,ENABLED,Available,,,,,
23f19ad6-353d-4ddf-a4fb-3603f8790236,95,BuildingCSV15,CSV015,ENABLED,Reserved,,,,,
5fe7d47a-92d8-40c2-bc08-102637609667,100,BuildingCSV16,CSV016,ENABLED,Available,,,,,
60cc816b-d40e-4cd6-924b-76028bf891c7,15,BuildingEmpty,EMPTY001,ENABLED,Available,,,,,
82da0fc2-b181-42f8-834b-bb3b2dbbe0a3,85,BuildingCSV13,CSV013,ENABLED,Available,,,,,
4696d714-ea75-4f41-b5ca-0e4b154c8da8,45,BuildingCSV5,CSV005,DISABLED,Available,,,,,
2b5f259a-4f9e-4f66-b2ec-20aff1a59b99,15,BuildingRS,RS001,ENABLED,Available,,,,,
8e9680b0-a6a2-4c01-a52a-4762e8918155,15,BuildingConflict,CONFLICT001,ENABLED,Available,,,,,
26d8b1a8-04d8-4f87-8dd0-8f105a02c9f7,60,BuildingCSV8,CSV008,ENABLED,Available,,,,,
24ec955c-356c-491a-b89c-186028a5282c,15,BuildingState,STATE001,ENABLED,Available,,,,,
8de02f4b-f80c-49c6-9b44-e15fd4f90237,30,BuildingCSV2,CSV002,ENABLED,Available,,6b7e33a7-5ccc-402e-98fc-54ed9264dc5f,2024-01-15,10:00,11:00
ea8b73b4-d760-4184-951d-8d3e520cdc52,15,BuildingDisabled,DISABLED001,DISABLED,Available,,,,,
a6e7322b-da45-42db-8242-8b0166ffecc9,35,BuildingCSV3,CSV003,ENABLED,Available,,,,,
a6d68238-fdfd-4abe-8587-1164d4756a84,15,BuildingEmail,EMAIL001,ENABLED,Available,,,,,
b3cc4795-9e24-4b13-961c-a3da52fa848b,50,BuildingCSV6,CSV006,ENABLED,Maintenance,,,,,
12f974bd-160e-4e22-9c2c-8d1314259d00,15,BuildingName,NAME001,ENABLED,Available,,,,,
4a2cd048-7402-4e73-a040-ffdd578f9e4d,15,BuildingGen,GEN001,ENABLED,Available,,,,,
3ba3b34b-25d2-4c3d-888a-bd3e864948d5,75,BuildingCSV11,CSV011,ENABLED,Available,,,,,
fa311300-bf3b-4ab4-a8ee-2fcddaff81c7,55,BuildingCSV7,CSV007,ENABLED,Available,,8fb3c528-ba32-415d-8934-cf14fba4be13,2024-01-17,16:00,17:00
3915df9a-55cc-4e61-add3-5293c345e133,15,BuildingGen2,GEN002,ENABLED,Available,,,,,
7db1b0a4-b340-410b-ad77-81a91db6e174,15,BuildingFail,FAIL001,ENABLED,Available,,,,,
ae4f6faa-e0e3-4241-a983-88fb3f81e4d6,25,BuildingCSV1,CSV001,ENABLED,Available,,,,,
375e3d8b-68be-4ea3-a864-df5b205c592d,40,BuildingCSV4,CSV004,ENABLED,Reserved,,29e500dd-7761-4e60-880d-505308b2b931,2024-01-16,14:00,15:00
b7ec4582-54a7-446b-9578-dfbad46c4ee2,90,BuildingCSV14,CSV014,ENABLED,Maintenance,,527975fb-bf48-4642-a6ca-2af104cbdc19,2024-01-19,20:00,21:00
64aa5c80-2a0a-404a-9994-fdd2d3972b2d,80,BuildingCSV12,CSV012,ENABLED,Available,,,,,
ed350400-1eea-4162-b36e-41bfd397a486,95,BuildingCSV15,CSV015,ENABLED,Reserved,,,,,
eebbde95-d72e-4275-a8bd-fc8741019b00,100,BuildingCSV16,CSV016,ENABLED,Available,,,,,
63a89054-3ef4-41d2-98cb-9e180367dab1,85,BuildingCSV13,CSV013,ENABLED,Available,,,,,
e77bdaff-5cf6-4459-affc-f7985296c7d8,45,BuildingCSV5,CSV005,DISABLED,Available,,,,,
5a5c1f06-8609-4dec-be86-664c86ca5cee,60,BuildingCSV8,CSV008,ENABLED,Available,,,,,
ac9c5fe8-7d4c-4bd9-950a-c56ad821ee0a,30,BuildingCSV2,CSV002,ENABLED,Available,,9e7aa430-d62b-4729-a4d3-d2437f541edd,2024-01-15,10:00,11:00
2019dbe7-c685-4aa4-a571-03f085b54663,35,BuildingCSV3,CSV003,ENABLED,Available,,,,,
1ca4773d-9e22-4ab1-86ad-11b5d0e5ec44,50,BuildingCSV6,CSV006,ENABLED,Maintenance,,,,,
7e6affc3-f25e-4a8c-87d1-22e1fb11eca5,75,BuildingCSV11,CSV011,ENABLED,Available,,,,,
4b4dae90-5090-406c-ae2e-71d0d594b80c,55,BuildingCSV7,CSV007,ENABLED,Available,,a057e20f-4e59-4191-8d6c-565300f6ae80,2024-01-17,16:00,17:00
97f32840-cdf0-40be-805d-e8a15996cbe9,25,BuildingCSV1,CSV001,ENABLED,Available,,,,,
a93b1bfb-89f8-4154-b7a7-1b9d23e4783d,15,BuildingFind,FIND001,ENABLED,Available,,,,,
eff5d2f9-6a8f-4018-8abc-48604804965c,15,BuildingCase,CASE001,ENABLED,Available,,,,,
1aa7af68-4260-4cc9-87f8-8bde6214b51d,15,BuildingCheckIn,CHECKIN001,ENABLED,Available,,,,,
bb525e86-bc29-45d0-ab0a-d2378bb61e60,15,BuildingRS,RS001,ENABLED,Available,,,,,
e42223f2-2999-49ed-8188-80757a882dd2,15,BuildingConflict,CONFLICT001,ENABLED,Available,,,,,
8dd4f096-6f7e-48bc-b36c-49bbdc6e71f2,15,BuildingState,STATE001,ENABLED,Available,,,,,
e8f53836-ea76-42fb-8206-f61308320f39,15,BuildingDisabled,DISABLED001,DISABLED,Available,,,,,
fbd7a1b6-91b8-42fc-8005-bff1b3d930c9,15,BuildingEmail,EMAIL001,ENABLED,Available,,,,,
502e0729-248f-4a85-a618-901e2a27d064,15,BuildingFail,FAIL001,ENABLED,Available,,,,,
25067aba-c668-46be-9a85-ef91ffaf19aa,15,BuildingID,ID001,ENABLED,Available,,,,,
d6061faf-ff42-4eca-803f-58b373bc3fbc,15,BuildingNull,NULL001,ENABLED,Available,,,,,
c5ef06cb-78e2-4b89-8028-b18cf0c9e08b,15,BuildingEmpty,EMPTY001,ENABLED,Available,,,,,
275abee7-ffee-4569-bfc3-b88a4bf4e901,15,BuildingName,NAME001,ENABLED,Available,,,,,
dbec822b-9d16-4272-8b9f-4f5fccf55393,15,BuildingGen,GEN001,ENABLED,Available,,,,,
c51690fa-7f97-4fed-81e2-8aae79076707,15,BuildingGen2,GEN002,ENABLED,Available,,,,,
9219267a-190c-4a0d-8874-2656bcb80433,40,BuildingCSV4,CSV004,ENABLED,Reserved,,a223d321-7d33-4c35-90cb-2988c67a0b79,2024-01-16,14:00,15:00
b6d418e0-8600-4c0a-bec3-790bf4be28fc,90,BuildingCSV14,CSV014,ENABLED,Maintenance,,bdc2a075-66ca-497b-9b6f-09c99ad1a562,2024-01-19,20:00,21:00
106863c9-8d10-4db5-a165-b37a7c45a2ef,80,BuildingCSV12,CSV012,ENABLED,Available,,,,,
27b03cfa-167f-49b1-8eee-52ed6bdb7a7a,95,BuildingCSV15,CSV015,ENABLED,Reserved,,,,,
40a911e0-1385-4ab1-b154-366dc9cb5e0a,100,BuildingCSV16,CSV016,ENABLED,Available,,,,,
ac9c1b66-f04c-4b7c-8e5b-b184250adf8e,85,BuildingCSV13,CSV013,ENABLED,Available,,,,,
f28f4027-f68e-4739-845c-b6030405716c,45,BuildingCSV5,CSV005,DISABLED,Available,,,,,
5aaf799b-9cef-43a6-9fb5-d5dbbcd76131,60,BuildingCSV8,CSV008,ENABLED,Available,,,,,
c8dde03b-7ade-4d97-b747-a541c6923467,30,BuildingCSV2,CSV002,ENABLED,Available,,acb87ef1-2720-48e0-81a2-71e7728dd081,2024-01-15,10:00,11:00
cfbe3de4-5dd3-4153-a45e-ebd4061fec1f,35,BuildingCSV3,CSV003,ENABLED,Available,,,,,
30297841-d988-4649-b901-b9ba08f9c5f1,50,BuildingCSV6,CSV006,ENABLED,Maintenance,,,,,
16881d01-7798-42b3-9e7b-2b36f3118dc4,75,BuildingCSV11,CSV011,ENABLED,Available,,,,,
28313e9b-ff12-437e-83f5-b7011d301518,55,BuildingCSV7,CSV007,ENABLED,Available,,36122014-4e7a-4027-b82f-3a9205ad2eb3,2024-01-17,16:00,17:00
1acbe69f-b491-44ca-93a3-74fcfb538567,25,BuildingCSV1,CSV001,ENABLED,Available,,,,,
894bc944-4bd3-46c6-a5df-4cbbc3b6fac1,15,BuildingFind,FIND001,ENABLED,Available,,,,,
88bd1afb-7093-49cb-aea5-86d57d465434,15,BuildingCase,CASE001,ENABLED,Available,,,,,
eea0cb05-2b4d-49f7-ad82-df30877243a4,15,BuildingCheckIn,CHECKIN001,ENABLED,Available,,,,,
1b43b095-dbac-4030-a2a0-6ebbc8bd108a,15,BuildingRS,RS001,ENABLED,Available,,,,,
9a38e445-c9c9-481f-8d47-dd7f3c4b4f9f,15,BuildingConflict,CONFLICT001,ENABLED,Available,,,,,
23e2257f-a4b8-436d-b4bf-4b0c25bf307b,15,BuildingState,STATE001,ENABLED,Available,,,,,
95de577b-7bdb-4db2-bf58-ec268e1cb94e,15,BuildingDisabled,DISABLED001,DISABLED,Available,,,,,
11041b1a-027d-4fe2-ab25-bff0839b50cd,15,BuildingEmail,EMAIL001,ENABLED,Available,,,,,
98803166-a1ef-4024-9928-ec7cd675cf6c,15,BuildingFail,FAIL001,ENABLED,Available,,,,,
2499f772-3246-4783-bc97-76e7b4cb7bef,15,BuildingID,ID001,ENABLED,Available,,,,,
56e9e205-a59a-474d-941f-a13ef83c457b,15,BuildingNull,NULL001,ENABLED,Available,,,,,
4ce86560-1d88-4102-8300-b6c946e6a1ee,15,BuildingEmpty,EMPTY001,ENABLED,Available,,,,,
fec51a39-50aa-4e5b-94b9-2a926ff3d2ad,15,BuildingName,NAME001,ENABLED,Available,,,,,
3c86fc6f-2a55-42eb-a7e4-e588aa510b2f,15,BuildingGen,GEN001,ENABLED,Available,,,,,
ec685f34-a4d9-498d-94c0-7e97d2d411f1,15,BuildingGen2,GEN002,ENABLED,Available,,,,,
576a24d0-0703-4548-9a5c-693c0a4eda3f,40,BuildingCSV4,CSV004,ENABLED,Reserved,,32f21fc2-0e96-4384-9d28-cf697cdd29c6,2024-01-16,14:00,15:00
ada93ac6-d5d7-4de5-b798-5d36e6e23581,90,BuildingCSV14,CSV014,ENABLED,Maintenance,,ad484cc7-a1cd-4796-9fe6-6ea03976e35b,2024-01-19,20:00,21:00
ab2dbf50-0c73-4c3d-8aab-d772c2076b52,80,BuildingCSV12,CSV012,ENABLED,Available,,,,,
ceb135da-5881-4b35-8741-5e51f025303b,95,BuildingCSV15,CSV015,ENABLED,Reserved,,,,,
e1dd5a21-ce96-45cd-b2a3-8fbb5283be88,100,BuildingCSV16,CSV016,ENABLED,Available,,,,,
ff7837d9-4277-41fb-9f3c-abfbb9248ec2,85,BuildingCSV13,CSV013,ENABLED,Available,,,,,
68f2fad2-21bb-409f-9c92-b088cd568ad5,45,BuildingCSV5,CSV005,DISABLED,Available,,,,,
2df37797-5de9-4d2a-8445-2210dd0528f8,60,BuildingCSV8,CSV008,ENABLED,Available,,,,,
df220294-e17e-42bd-9c14-987e8c938f96,30,BuildingCSV2,CSV002,ENABLED,Available,,d0b14d8d-4632-4dff-8a11-11c97e62d592,2024-01-15,10:00,11:00
12e2a084-2ca3-4ddd-9297-b1131e726e4f,35,BuildingCSV3,CSV003,ENABLED,Available,,,,,
c4723353-fb9f-4e5c-aa68-4607bf0f1e5f,50,BuildingCSV6,CSV006,ENABLED,Maintenance,,,,,
6f92b77e-b23c-41b7-a72f-c3183bdc6a8d,75,BuildingCSV11,CSV011,ENABLED,Available,,,,,
bf620bf6-b72b-47b1-a0d5-44b68351315b,55,BuildingCSV7,CSV007,ENABLED,Available,,fb9b14e8-8ba0-40fc-88c1-60d10e0656ce,2024-01-17,16:00,17:00
5e895237-ffa2-42b8-8a4c-b3717aa5e39c,25,BuildingCSV1,CSV001,ENABLED,Available,,,,,
53a1d032-f0f0-4c04-99ef-aa827626aff7,15,BuildingFind,FIND001,ENABLED,Available,,,,,
c32ec711-4c18-4ec5-84db-d2e729ff6414,15,BuildingCase,CASE001,ENABLED,Available,,,,,
1b729444-d24a-4c53-8d77-f6b26aff2a17,15,BuildingCheckIn,CHECKIN001,ENABLED,Available,,,,,
0ecf292b-fcf1-4295-b835-24162dedede7,15,BuildingRS,RS001,ENABLED,Available,,,,,
e9e4075b-a83c-4505-afd2-acde388a6d54,15,BuildingConflict,CONFLICT001,ENABLED,Available,,,,,
f39917ba-0672-4a99-984f-da7b8c9ed5c4,15,BuildingState,STATE001,ENABLED,Available,,,,,
1d00390c-e0d1-4b43-8fea-913d027bffac,15,BuildingDisabled,DISABLED001,DISABLED,Available,,,,,
a595db1f-732b-4a72-a86d-b08059f58cac,15,BuildingEmail,EMAIL001,ENABLED,Available,,,,,
5510a909-0c20-4c48-b61b-487ef9790cce,15,BuildingFail,FAIL001,ENABLED,Available,,,,,
01aeafd3-a022-47ae-9220-7926b6c21bbf,15,BuildingID,ID001,ENABLED,Available,,,,,
9f5caae8-2cb6-4de4-92cb-9ebe18263f72,15,BuildingNull,NULL001,ENABLED,Available,,,,,
fe1f2a4f-674f-477e-8de1-7e43cf9cbfa1,15,BuildingEmpty,EMPTY001,ENABLED,Available,,,,,
30c87a9e-f2b8-4294-b455-9af02dd4bd67,15,BuildingName,NAME001,ENABLED,Available,,,,,
03e08fc0-a913-4eee-89d7-6584ccf84d40,15,BuildingGen,GEN001,ENABLED,Available,,,,,
2e86761d-3116-40e9-8cbb-a8c91d0dc4ca,15,BuildingGen2,GEN002,ENABLED,Available,,,,,
e27626dd-58e4-46a6-a333-42a6802ed0cd,15,BuildingID,ID001,ENABLED,Available,,,,,
8309f332-cbd7-4c8f-8601-c91e61ec94cf,15,BuildingNull,NULL001,ENABLED,Available,,,,,
9ca77c16-9c3b-4d80-b7ba-4a7bd4be0d6a,15,BuildingEmpty,EMPTY001,ENABLED,Available,,,,,
a268127c-aa7e-4264-ae94-71a5776f39ed,15,BuildingName,NAME001,ENABLED,Available,,,,,
c325ef5d-596a-460a-a389-72c3c33288d9,15,BuildingGen,GEN001,ENABLED,Available,,,,,
5175ac8a-bf22-43f7-bce2-1f29c6867eec,15,BuildingGen2,GEN002,ENABLED,Available,,,,,
f216dc9e-9c39-474b-8406-07e22cb9f50f,40,BuildingCSV4,CSV004,ENABLED,Reserved,,ba4f443e-d2c2-415f-ae4c-7eb5e49422c5,2024-01-16,14:00,15:00
a3d7dd39-5383-4c4a-b54c-ec4268ac6221,90,BuildingCSV14,CSV014,ENABLED,Maintenance,,b5880c9a-cb51-415b-8f64-1400e102db5e,2024-01-19,20:00,21:00
1e070084-024c-43b6-a7e2-a23a71317cd4,80,BuildingCSV12,CSV012,ENABLED,Available,,,,,
cb4dc176-40d1-462f-8fe9-2726f8c2fb22,95,BuildingCSV15,CSV015,ENABLED,Reserved,,,,,
ee09348b-b8c8-445a-8e0d-58233bfdf66b,100,BuildingCSV16,CSV016,ENABLED,Available,,,,,
cf368e6f-d6dc-45c1-91e2-e8a4b2e34b62,85,BuildingCSV13,CSV013,ENABLED,Available,,,,,
d590a27c-3b4a-47d8-91ff-be3e7c73fa2c,45,BuildingCSV5,CSV005,DISABLED,Available,,,,,
22483cd8-b8cd-4ea3-884d-019dbbf97051,60,BuildingCSV8,CSV008,ENABLED,Available,,,,,
8cff45d0-80b7-40e3-af86-c02d03659c4c,30,BuildingCSV2,CSV002,ENABLED,Available,,fe9bef47-c448-42c0-b581-7705efdea0dc,2024-01-15,10:00,11:00
2cba572b-94a8-4e7c-a3e3-b6a475d8c86c,35,BuildingCSV3,CSV003,ENABLED,Available,,,,,
c2b96e15-5882-4106-8a94-680542d8b193,50,BuildingCSV6,CSV006,ENABLED,Maintenance,,,,,
7284b8aa-dc28-4ee5-ab27-91f4fb948463,75,BuildingCSV11,CSV011,ENABLED,Available,,,,,
dc9ff2fe-07db-4fcc-a453-2c8dafc82be9,55,BuildingCSV7,CSV007,ENABLED,Available,,47dc3cde-07d5-415a-90e7-bb54e00932b9,2024-01-17,16:00,17:00
0c3206b0-e7bf-4157-9999-6c2376bd48aa,25,BuildingCSV1,CSV001,ENABLED,Available,,,,,
25a5713e-e7ee-462c-af6a-21cdff2cb5fe,15,BuildingFind,FIND001,ENABLED,Available,,,,,
ce34599f-a8c3-4932-90cb-89ac2323997b,15,BuildingCase,CASE001,ENABLED,Available,,,,,
560ba4a7-8d9d-442c-96a0-4432ddcb2247,15,BuildingCheckIn,CHECKIN001,ENABLED,Available,,,,,
ed2541fd-6ac3-492a-ae55-70cd869402ec,15,BuildingRS,RS001,ENABLED,Available,,,,,
3280f7fa-7486-4388-9e6b-1ba22fdf1dd6,15,BuildingConflict,CONFLICT001,ENABLED,Available,,,,,
184c3f58-d1a7-4e30-b378-3cd73db490bf,15,BuildingState,STATE001,ENABLED,Available,,,,,
9edda10b-48ae-4115-bd8d-6a08aabd22e0,15,BuildingDisabled,DISABLED001,DISABLED,Available,,,,,
7e1eda91-7d63-4aff-8fd7-d398df91cddf,15,BuildingEmail,EMAIL001,ENABLED,Available,,,,,
4768ae55-157e-4a72-ab8e-27111494e9e0,15,BuildingFail,FAIL001,ENABLED,Available,,,,,
903ece40-7e9a-4b22-b4e0-03fdba2e056c,15,BuildingID,ID001,ENABLED,Available,,,,,
8b4f10ad-04f7-4ceb-a0cc-59488286f254,15,BuildingNull,NULL001,ENABLED,Available,,,,,
475eb9a0-4f8b-43da-90a6-9b2e97837650,15,BuildingEmpty,EMPTY001,ENABLED,Available,,,,,
2b4de71b-61c9-47b0-a423-abc0debc886f,15,BuildingName,NAME001,ENABLED,Available,,,,,
53c3e830-c8b9-4408-8f5c-392f680ebc91,15,BuildingGen,GEN001,ENABLED,Available,,,,,
9fabde44-af8c-4a95-8731-5d895ac044e8,15,BuildingGen2,GEN002,ENABLED,Available,,,,,
e04ded5d-3de5-4036-8db5-1d2405596030,40,BuildingCSV4,CSV004,ENABLED,Reserved,,8e0498f4-7567-4396-87fc-1fe093e84ebc,2024-01-16,14:00,15:00
606e0e24-6cb6-40c6-8bdd-11d16a4d52ca,90,BuildingCSV14,CSV014,ENABLED,Maintenance,,d192035f-fa08-4fe0-876e-4570c504a475,2024-01-19,20:00,21:00
8f30fdd0-7f80-4f89-995d-cad2e8913fd6,80,BuildingCSV12,CSV012,ENABLED,Available,,,,,
421c97f8-01f7-4727-adbb-3640bd2eac55,95,BuildingCSV15,CSV015,ENABLED,Reserved,,,,,
b1fdfb78-d243-4aa0-83c6-a8dd1a23547c,100,BuildingCSV16,CSV016,ENABLED,Available,,,,,
5b9462ef-8723-454c-9cc4-1140605415eb,85,BuildingCSV13,CSV013,ENABLED,Available,,,,,
5a4964f6-57d1-4cde-b967-7d929a113fdd,45,BuildingCSV5,CSV005,DISABLED,Available,,,,,
79fa5cf1-32c6-42c9-a65b-d1c242bd68ac,60,BuildingCSV8,CSV008,ENABLED,Available,,,,,
cc8b5388-2a84-4b0f-b3f4-7b46ba1752c3,30,BuildingCSV2,CSV002,ENABLED,Available,,bb85bfaf-0659-44e8-a7b9-5b7be8fc2893,2024-01-15,10:00,11:00
a501eb64-b3bb-4608-b24e-4abb8b0b3c1e,35,BuildingCSV3,CSV003,ENABLED,Available,,,,,
b7950ef0-717d-4823-9d88-61685bd39896,50,BuildingCSV6,CSV006,ENABLED,Maintenance,,,,,
9d329e80-62cc-4571-914f-9e178fbe417e,75,BuildingCSV11,CSV011,ENABLED,Available,,,,,
8f57066d-8ea3-4304-b00c-540667a4104f,55,BuildingCSV7,CSV007,ENABLED,Available,,ff228650-8d3c-46f1-b375-52b8aa7bc885,2024-01-17,16:00,17:00
a0dd9812-a0a7-4490-99be-e69889f336ca,25,BuildingCSV1,CSV001,ENABLED,Available,,,,,
05fcd7e9-debc-4785-accb-bdc18e0c78b1,15,BuildingFind,FIND001,ENABLED,Available,,,,,
aeaf7440-4832-4e72-97ce-8396cc5ddaca,15,BuildingCase,CASE001,ENABLED,Available,,,,,
3e037ba0-8788-4dc0-a27e-45edca9efd4d,15,BuildingCheckIn,CHECKIN001,ENABLED,Available,,,,,
7e6f8482-fff7-4578-92d7-28e3923f9de1,15,BuildingRS,RS001,ENABLED,Available,,,,,
7413b1a1-8d59-4960-90ac-fb456e000a8c,15,BuildingConflict,CONFLICT001,ENABLED,Available,,,,,
f631d552-9fbc-4a89-a3f9-8adcb3443250,15,BuildingState,STATE001,ENABLED,Available,,,,,
2491bf5a-5036-46c0-ab1e-69b68381c844,15,BuildingDisabled,DISABLED001,DISABLED,Available,,,,,
12c51c70-4478-4463-a7cb-6ce7145166d4,15,BuildingEmail,EMAIL001,ENABLED,Available,,,,,
339474ab-bd97-4fea-b1c4-a8d4432725be,15,BuildingFail,FAIL001,ENABLED,Available,,,,,
77c04c15-6421-4d95-9c6e-ebd3a4932aea,15,BuildingID,ID001,ENABLED,Available,,,,,
ac80f854-f568-4957-992d-10dc0c96a03b,15,BuildingNull,NULL001,ENABLED,Available,,,,,
47c0c5e1-ef50-4c9a-bb84-a084000ef24d,15,BuildingEmpty,EMPTY001,ENABLED,Available,,,,,
f37cb811-e220-4304-8a7b-c587e2810c8b,15,BuildingName,NAME001,ENABLED,Available,,,,,
8bac2496-cd7d-4e9c-8adf-5ba7e5317243,15,BuildingGen,GEN001,ENABLED,Available,,,,,
3a9552db-f3c4-4e14-accf-8ede5b21eb2a,15,BuildingGen2,GEN002,ENABLED,Available,,,,,
99c066f7-09b4-4415-b8ec-ab24f8819783,40,BuildingCSV4,CSV004,ENABLED,Reserved,,99de0436-6460-42b5-a8de-fb2caa8f22c4,2024-01-16,14:00,15:00
296a2c23-1079-401a-b1ac-e59527fa3410,90,BuildingCSV14,CSV014,ENABLED,Maintenance,,85b711b8-4e53-43f5-a38e-517c8edbe7b1,2024-01-19,20:00,21:00
6769a540-0148-4a74-a90d-de24ce4ee39c,80,BuildingCSV12,CSV012,ENABLED,Available,,,,,
ed47ab03-693c-40c1-ba38-960463e509af,95,BuildingCSV15,CSV015,ENABLED,Reserved,,,,,
f7642cd9-e1ba-44b1-ad2d-3be701fce00a,100,BuildingCSV16,CSV016,ENABLED,Available,,,,,
6dd1d90a-ca77-44aa-9bd5-947bdebf3870,85,BuildingCSV13,CSV013,ENABLED,Available,,,,,
bfd372a8-4fa9-4cc5-af0c-d1626de3efe5,45,BuildingCSV5,CSV005,DISABLED,Available,,,,,
48aff450-e13e-48fd-acda-344b4d40508f,60,BuildingCSV8,CSV008,ENABLED,Available,,,,,
b733e017-5cb1-4994-9e4e-90e03a87818b,30,BuildingCSV2,CSV002,ENABLED,Available,,10006fad-83db-4411-8fcd-90ababcc6f15,2024-01-15,10:00,11:00
96c603ea-1446-45d7-976b-dfd8a4a375af,35,BuildingCSV3,CSV003,ENABLED,Available,,,,,
f68e5e2b-6517-4c4c-949a-189243dd9a69,50,BuildingCSV6,CSV006,ENABLED,Maintenance,,,,,
f606f1d1-d351-4d83-a5ec-f516fa567620,75,BuildingCSV11,CSV011,ENABLED,Available,,,,,
8a499462-454d-46e6-983c-b3f11c98015b,55,BuildingCSV7,CSV007,ENABLED,Available,,92f8eddb-e68b-4372-bd8a-f18577647d89,2024-01-17,16:00,17:00
07d4f0f3-49a0-4f6a-8dde-98c9b1748145,25,BuildingCSV1,CSV001,ENABLED,Available,,,,,
6a850147-fe63-48ac-8937-1715926132b3,15,BuildingFind,FIND001,ENABLED,Available,,,,,
f14b9b91-494a-4c9c-90a8-f139c0b9d4a5,15,BuildingCase,CASE001,ENABLED,Available,,,,,
7523eb50-bf5a-46a3-8374-a237cdb27ab7,15,BuildingCheckIn,CHECKIN001,ENABLED,Available,,,,,
35b99e59-0320-4517-b213-8afde5d82ace,15,BuildingRS,RS001,ENABLED,Available,,,,,
0c1eb21a-bb91-40aa-8b19-163af825116b,15,BuildingConflict,CONFLICT001,ENABLED,Available,,,,,
96afbaeb-716e-41ca-b4d0-ca138878bf53,15,BuildingState,STATE001,ENABLED,Available,,,,,
bed01874-868f-4d9f-b12b-089388381b72,15,BuildingDisabled,DISABLED001,DISABLED,Available,,,,,
feeb9bae-581e-47b1-82f2-079814eeffb5,15,BuildingEmail,EMAIL001,ENABLED,Available,,,,,
2cc8f3bb-ff77-435c-86fb-89ad7cb6d449,15,BuildingFail,FAIL001,ENABLED,Available,,,,,
a2fd297a-1a36-4132-864c-f1d52ce99c74,15,BuildingID,ID001,ENABLED,Available,,,,,
e544353e-5854-4da5-a128-b49b9260377b,15,BuildingNull,NULL001,ENABLED,Available,,,,,
8b76f47f-3e82-4cc7-8898-671f6978d57f,15,BuildingEmpty,EMPTY001,ENABLED,Available,,,,,
e6b21fda-19b7-4b4f-99ec-c8c7299707b9,15,BuildingName,NAME001,ENABLED,Available,,,,,
3e875c03-32c9-4fa4-aede-207e02bcda45,15,BuildingGen,GEN001,ENABLED,Available,,,,,
ad9ff378-5a67-496f-84f5-84c4af9e3af0,15,BuildingGen2,GEN002,ENABLED,Available,,,,,
37dd6587-bddc-4537-9c5f-01bb727328fc,15,BuildingID,ID001,ENABLED,Available,,,,,
f5731c2f-ebaf-443d-854e-2239190a41b9,15,BuildingNull,NULL001,ENABLED,Available,,,,,
a78d788c-e7a6-4a36-9dc0-d2b242632115,15,BuildingEmpty,EMPTY001,ENABLED,Available,,,,,
ae7c76a5-23f0-4378-9da3-3f62435b2206,15,BuildingName,NAME001,ENABLED,Available,,,,,
22b1bccb-f8be-4bdb-928f-9b85f615d0ff,15,BuildingGen,GEN001,ENABLED,Available,,,,,
de8e285e-a52a-44d1-a266-00854591801e,15,BuildingGen2,GEN002,ENABLED,Available,,,,,
518931a9-0c89-4ddd-82b2-ff6be13da803,15,BuildingID,ID001,ENABLED,Available,,,,,
03abb1f5-7c9a-4f73-a5be-8b7edaa69d3a,15,BuildingNull,NULL001,ENABLED,Available,,,,,
c645b33e-46f2-4471-b641-4b2f8d1be3c3,15,BuildingEmpty,EMPTY001,ENABLED,Available,,,,,
73d67e34-bf05-434a-aed9-9483d078fe36,15,BuildingName,NAME001,ENABLED,Available,,,,,
18cfeb21-93ab-46e5-a02d-6f5bea8a98b2,15,BuildingGen,GEN001,ENABLED,Available,,,,,
928d3e97-a627-4fcd-8a19-c779d5640b8f,15,BuildingGen2,GEN002,ENABLED,Available,,,,,
ebcfcd5b-cd62-46de-9adb-43f256ed8ff6,40,BuildingCSV4,CSV004,ENABLED,Reserved,,a8f3d99f-44b7-4da3-b209-fbb284dfa9f5,2024-01-16,14:00,15:00
df4d2f3e-abf9-48f3-aa7e-74a228d60f13,90,BuildingCSV14,CSV014,ENABLED,Maintenance,,24bf10b0-8604-400d-a888-30cb192e7e5f,2024-01-19,20:00,21:00
46175ad0-9fc7-4f43-956c-02ccc3a70307,80,BuildingCSV12,CSV012,ENABLED,Available,,,,,
6ed71453-68c0-479c-a899-11e1d8e1355f,95,BuildingCSV15,CSV015,ENABLED,Reserved,,,,,
00769284-a333-450d-8500-ee3e88dfec67,100,BuildingCSV16,CSV016,ENABLED,Available,,,,,
99517122-3791-4a3b-9b49-be5143d211bb,85,BuildingCSV13,CSV013,ENABLED,Available,,,,,
44330957-5fc4-4291-895e-a7f11c1ed265,45,BuildingCSV5,CSV005,DISABLED,Available,,,,,
c2f55bef-09f4-44f8-acaf-b6ae85a27508,60,BuildingCSV8,CSV008,ENABLED,Available,,,,,
5a7f4ef2-0d43-47b7-bd72-c6474bf8bf2d,30,BuildingCSV2,CSV002,ENABLED,Available,,a4dfe5a5-0280-4dd9-aa6b-9c442c0d4929,2024-01-15,10:00,11:00
a4ae1e89-6040-41e2-8cac-e2a14b56eeb1,35,BuildingCSV3,CSV003,ENABLED,Available,,,,,
a8a5209c-f0f8-4a83-b011-ee251077c888,50,BuildingCSV6,CSV006,ENABLED,Maintenance,,,,,
a944329a-06cb-4e88-899b-d3776f6bc2aa,75,BuildingCSV11,CSV011,ENABLED,Available,,,,,
eac25585-ac72-49d3-9c1d-5639990355e0,55,BuildingCSV7,CSV007,ENABLED,Available,,46d0e933-05e6-432f-8d18-9877981b416b,2024-01-17,16:00,17:00
56543cde-c48c-4081-a86c-81b6e10dac70,25,BuildingCSV1,CSV001,ENABLED,Available,,,,,
8bd0b80a-20c0-4b9c-a240-320fa87c8079,15,BuildingFind,FIND001,ENABLED,Available,,,,,
48b35640-1ab2-447c-93fc-340fb92a0ca3,15,BuildingCase,CASE001,ENABLED,Available,,,,,
d0ec699f-1a3c-42e1-acd1-7983f17dc894,15,BuildingCheckIn,CHECKIN001,ENABLED,Available,,,,,
d22e6d57-14e5-47ed-81eb-bdf7288a6dd9,15,BuildingRS,RS001,ENABLED,Available,,,,,
f74aa46b-bec5-4e27-a8a7-a746fd8e885d,15,BuildingConflict,CONFLICT001,ENABLED,Available,,,,,
977c3a71-34fc-4f5f-9e6c-0829acfbe2ce,15,BuildingState,STATE001,ENABLED,Available,,,,,
46110036-7087-444f-a5b5-696f683b417d,15,BuildingDisabled,DISABLED001,DISABLED,Available,,,,,
2f5b9e07-ced5-4a1d-b775-87bb8adab102,15,BuildingEmail,EMAIL001,ENABLED,Available,,,,,
0d7627c7-1a49-41fb-ad25-e6b3c23af70c,15,BuildingFail,FAIL001,ENABLED,Available,,,,,
d8179b87-8336-4fe2-9446-17ace570a02a,15,BuildingID,ID001,ENABLED,Available,,,,,
ee95b6e1-6efa-4b91-a1ab-6da842479b1f,15,BuildingNull,NULL001,ENABLED,Available,,,,,
188f9c1e-e8fe-492e-b954-d3a380f9f866,15,BuildingEmpty,EMPTY001,ENABLED,Available,,,,,
fe47a30e-7f6c-4199-918e-377c55655f0b,15,BuildingName,NAME001,ENABLED,Available,,,,,
68b9af59-d854-4737-974a-d693fb5a5c9a,15,BuildingGen,GEN001,ENABLED,Available,,,,,
c0618c5a-5de3-4dc6-8b1c-7d1686380af1,15,BuildingGen2,GEN002,ENABLED,Available,,,,,
91d5bf38-a389-43d4-a654-f4798d0d16ef,40,BuildingCSV4,CSV004,ENABLED,Reserved,,0d0b5ee3-2dfa-48e2-8072-18783d5f38cf,2024-01-16,14:00,15:00
fdad38cd-e344-42f7-9ed3-c93782b23341,90,BuildingCSV14,CSV014,ENABLED,Maintenance,,f681fb46-aee2-49d2-abdc-764e425039b4,2024-01-19,20:00,21:00
6c7394b8-fa4e-4294-ae4e-64ff2714a323,80,BuildingCSV12,CSV012,ENABLED,Available,,,,,
0e982411-eef8-4834-88d7-3fd244b48b9b,95,BuildingCSV15,CSV015,ENABLED,Reserved,,,,,
52766696-14ad-46a7-b620-5f5d8da07a56,100,BuildingCSV16,CSV016,ENABLED,Available,,,,,
4cc3624a-85ab-4211-be43-4891386dc467,85,BuildingCSV13,CSV013,ENABLED,Available,,,,,
b747ca3b-b817-45b8-8dd0-2d3d885dd956,45,BuildingCSV5,CSV005,DISABLED,Available,,,,,
1e59433f-b7ba-4bfa-ad5a-58a295460263,60,BuildingCSV8,CSV008,ENABLED,Available,,,,,
123eaa5d-286f-47e6-ba90-f19fd01fe281,30,BuildingCSV2,CSV002,ENABLED,Available,,4ef01f4e-6dd3-4845-bacf-5156cc3aa4ac,2024-01-15,10:00,11:00
9c89214f-2e32-4725-b6c9-19f324f16932,35,BuildingCSV3,CSV003,ENABLED,Available,,,,,
c4d81c9b-4ff2-4ac6-b30d-423b84c6c732,50,BuildingCSV6,CSV006,ENABLED,Maintenance,,,,,
2693f893-2d6e-4e1e-8ef2-444d785775eb,75,BuildingCSV11,CSV011,ENABLED,Available,,,,,
6b38ba8b-3142-47be-91fc-ce3227865f56,55,BuildingCSV7,CSV007,ENABLED,Available,,d4ae3a88-f43c-4918-94d0-6a9be1349508,2024-01-17,16:00,17:00
3192b224-3e6b-4a92-975c-154e4707a538,25,BuildingCSV1,CSV001,ENABLED,Available,,,,,
b2f59bbc-06e5-4674-9514-06430ac7ca5b,15,BuildingFind,FIND001,ENABLED,Available,,,,,
cc190154-0de6-426d-835c-441645ac8aaa,15,BuildingCase,CASE001,ENABLED,Available,,,,,
7d02c2ef-d0c5-4418-8ba1-834de7b52cf9,15,BuildingCheckIn,CHECKIN001,ENABLED,Available,,,,,
4cdfd752-be47-4a70-b9bf-9279a523b83a,15,BuildingRS,RS001,ENABLED,Available,,,,,
a5828bde-fd54-4c70-98a6-b087a6c50942,15,BuildingConflict,CONFLICT001,ENABLED,Available,,,,,
717afcaa-48f2-4fa1-adb6-d195acf77038,15,BuildingState,STATE001,ENABLED,Available,,,,,
ac846740-02f2-43b8-8110-c6bc5522f85e,15,BuildingDisabled,DISABLED001,DISABLED,Available,,,,,
a88c9d51-22d3-4168-828c-b478b1d94301,15,BuildingEmail,EMAIL001,ENABLED,Available,,,,,
5ad4ff5e-0929-4caa-ba49-fee96252bb93,15,BuildingFail,FAIL001,ENABLED,Available,,,,,
4e377357-4970-43f7-9290-f4b7a39bd51c,15,BuildingID,ID001,ENABLED,Available,,,,,
f30a979a-6a79-472e-a7d4-c4fa50602a67,15,BuildingNull,NULL001,ENABLED,Available,,,,,
175d9e47-6e16-4d75-94e3-37e32d0f7c47,15,BuildingEmpty,EMPTY001,ENABLED,Available,,,,,
4766abab-c407-4efc-bdd5-7523dfdbedda,15,BuildingName,NAME001,ENABLED,Available,,,,,
e9771978-70c8-4d2c-a803-e1badbc2f044,15,BuildingGen,GEN001,ENABLED,Available,,,,,
7d5f8daf-eb0a-4c2f-ae8b-ed8d99d6ad38,15,BuildingGen2,GEN002,ENABLED,Available,,,,,
0f05b074-c20c-4dd6-9813-164b4e3236cb,40,BuildingCSV4,CSV004,ENABLED,Reserved,,a4e4f093-a334-49a3-a8e8-8cd97de6dae8,2024-01-16,14:00,15:00
1ec13c87-a068-4821-89ab-b5ecc680ca8b,90,BuildingCSV14,CSV014,ENABLED,Maintenance,,a5c7325a-4cd7-4c90-9684-24574584b938,2024-01-19,20:00,21:00
2efe3b8a-095b-40cb-a168-4844a3684d9b,80,BuildingCSV12,CSV012,ENABLED,Available,,,,,
130d86e4-2149-48b7-b5b8-5db6b7d3d876,95,BuildingCSV15,CSV015,ENABLED,Reserved,,,,,
e579312a-1e40-4645-85b4-6416d646d3f0,100,BuildingCSV16,CSV016,ENABLED,Available,,,,,
28261c60-5b80-46b9-a828-43dde7569333,85,BuildingCSV13,CSV013,ENABLED,Available,,,,,
dfdd94b0-10aa-4d87-8f84-3a48098b13fe,45,BuildingCSV5,CSV005,DISABLED,Available,,,,,
24440572-2998-4b1a-8331-49a0e92bfe63,60,BuildingCSV8,CSV008,ENABLED,Available,,,,,
97cf7eea-8534-4361-9cc5-355860ffbf8c,30,BuildingCSV2,CSV002,ENABLED,Available,,8545ebdf-d482-47b9-8123-ac4fdf81ac7d,2024-01-15,10:00,11:00
7b5e24a3-2733-410a-974b-99ab33f1cfa8,35,BuildingCSV3,CSV003,ENABLED,Available,,,,,
0aaa194b-b6d3-4b71-8010-a490cea05d00,50,BuildingCSV6,CSV006,ENABLED,Maintenance,,,,,
d0f1148a-bfd1-492d-8387-71d04c917a4c,75,BuildingCSV11,CSV011,ENABLED,Available,,,,,
212c64ac-a25b-4f5d-98a0-f1750937b551,55,BuildingCSV7,CSV007,ENABLED,Available,,8f3e50b1-f2d4-4397-ac73-471e50517262,2024-01-17,16:00,17:00
1215d05d-9a87-4f64-a176-6ab4ca66e428,25,BuildingCSV1,CSV001,ENABLED,Available,,,,,
a397b03a-8ae9-4242-86bc-c5a122ea4b6d,15,BuildingFind,FIND001,ENABLED,Available,,,,,
32c51131-f40a-4e31-b8ae-affef41e7d8f,15,BuildingCase,CASE001,ENABLED,Available,,,,,
6c1f2eae-b41d-4da0-9cca-69f3caf0f651,15,BuildingCheckIn,CHECKIN001,ENABLED,Available,,,,,
beb48e55-7da7-447c-a093-04e648ed6eff,15,BuildingRS,RS001,ENABLED,Available,,,,,
9cbff804-65fa-4d92-97a5-b8df1085cf95,15,BuildingConflict,CONFLICT001,ENABLED,Available,,,,,
8c36bdd0-eb1f-4355-87dd-7023a6317a3d,15,BuildingState,STATE001,ENABLED,Available,,,,,
784467b4-9e77-4b47-a729-2cd5cd9488e4,15,BuildingDisabled,DISABLED001,DISABLED,Available,,,,,
c72e006d-a939-433f-b1fe-34e45bc7c8e7,15,BuildingEmail,EMAIL001,ENABLED,Available,,,,,
f877d791-4756-40db-bbec-29c0bf9be37c,15,BuildingFail,FAIL001,ENABLED,Available,,,,,
f762a5f6-3e46-4643-8657-b65ea6fcd43c,15,BuildingID,ID001,ENABLED,Available,,,,,
0b95275c-653a-4de7-ba01-e4b37b8eea47,15,BuildingNull,NULL001,ENABLED,Available,,,,,
d7170de3-4db2-487c-b250-4bcac6fcb19a,15,BuildingEmpty,EMPTY001,ENABLED,Available,,,,,
ac744790-8ac6-4bfc-8c82-5570b1752c56,15,BuildingName,NAME001,ENABLED,Available,,,,,
7588b321-eb68-44fd-96e1-b7a4fcfff788,15,BuildingGen,GEN001,ENABLED,Available,,,,,
dba3b8b9-d2c3-4124-8b63-1a64743fdce1,15,BuildingGen2,GEN002,ENABLED,Available,,,,,
f120a64d-b765-4003-ae2b-cd5ba7545041,40,BuildingCSV4,CSV004,ENABLED,Reserved,,32a2fbeb-8300-45c5-bee6-5f766bcb2429,2024-01-16,14:00,15:00
8edd0446-8e5f-4cd2-8593-dc9644cda4c1,90,BuildingCSV14,CSV014,ENABLED,Maintenance,,54860a90-2ff4-4184-b272-65991b55f750,2024-01-19,20:00,21:00
251ad4ec-c14f-4c77-8043-3c91eb9ddcc0,80,BuildingCSV12,CSV012,ENABLED,Available,,,,,
1bf24ccc-9d4d-40bd-92f8-6cb321d50c93,95,BuildingCSV15,CSV015,ENABLED,Reserved,,,,,
8cf0ca98-41ea-4eca-af9d-372edd9b62b0,100,BuildingCSV16,CSV016,ENABLED,Available,,,,,
bad997fe-9b54-4de3-ad59-f4e15acd7636,85,BuildingCSV13,CSV013,ENABLED,Available,,,,,
ea487dd4-69b3-467a-ae82-f3e72b2c3acf,45,BuildingCSV5,CSV005,DISABLED,Available,,,,,
9fe370a5-6a01-4c4d-bac0-e4cb7c78be83,60,BuildingCSV8,CSV008,ENABLED,Available,,,,,
3c3ce7d7-2901-4c57-965d-349c32310b37,30,BuildingCSV2,CSV002,ENABLED,Available,,db31fc8b-a3d9-4816-8820-e8e2ad6c79e7,2024-01-15,10:00,11:00
fb90a05c-9513-4b34-a597-8281156b271f,35,BuildingCSV3,CSV003,ENABLED,Available,,,,,
f695495f-8247-43bf-bdef-72890343f490,50,BuildingCSV6,CSV006,ENABLED,Maintenance,,,,,
927f473a-8f2f-4768-9e76-f830c2403d73,75,BuildingCSV11,CSV011,ENABLED,Available,,,,,
9d9b955c-9cf6-47c4-b1b5-7cdc96599f55,55,BuildingCSV7,CSV007,ENABLED,Available,,8946e5c3-ddba-4ec8-9452-242d757da92b,2024-01-17,16:00,17:00
05621b6a-154b-453d-a0dd-1f6609ee118e,25,BuildingCSV1,CSV001,ENABLED,Available,,,,,
cecc0db6-58c2-4708-9a5f-cfc8866dbc12,15,BuildingFind,FIND001,ENABLED,Available,,,,,
d0261a83-5a9c-4452-b249-8e5d5e72fa92,15,BuildingCase,CASE001,ENABLED,Available,,,,,
7e719da5-0c77-43b9-b49c-e92782177f71,15,BuildingCheckIn,CHECKIN001,ENABLED,Available,,,,,
a4ea5449-3d11-46af-a9dc-e872b871f0af,15,BuildingRS,RS001,ENABLED,Available,,,,,
6defcdba-be82-414d-996b-f149264b9547,15,BuildingConflict,CONFLICT001,ENABLED,Available,,,,,
ace29caf-5646-40da-b50b-8b5aa99c313a,15,BuildingState,STATE001,ENABLED,Available,,,,,
4d06981e-2e00-434d-83df-8402ddb5db61,15,BuildingDisabled,DISABLED001,DISABLED,Available,,,,,
e2d0794e-de6f-4ac8-8078-9721386cbdf7,15,BuildingEmail,EMAIL001,ENABLED,Available,,,,,
59137f95-bee9-48ed-9e87-bc0793c2290e,15,BuildingFail,FAIL001,ENABLED,Available,,,,,
f2893655-c42d-45dc-a35f-f943f4fc839e,15,BuildingID,ID001,ENABLED,Available,,,,,
ee7146a3-d9f3-4839-98b5-446a6bbdbd00,15,BuildingNull,NULL001,ENABLED,Available,,,,,
36bc87d4-4a4b-40bf-9ea3-a30de0a98271,15,BuildingEmpty,EMPTY001,ENABLED,Available,,,,,
c59a484d-9ad2-4b62-a361-023cc61de91d,15,BuildingName,NAME001,ENABLED,Available,,,,,
29dc219a-98b3-44aa-a417-f47a1e372048,15,BuildingGen,GEN001,ENABLED,Available,,,,,
6b32c4bb-8031-4ac1-9960-ab4fbf11e877,15,BuildingGen2,GEN002,ENABLED,Available,,,,,
4d6d0bb0-ac16-4cc2-b6e6-6d736bf87d4b,40,BuildingCSV4,CSV004,ENABLED,Reserved,,32c27b4d-1b86-4f91-af19-4e1d49cca13e,2024-01-16,14:00,15:00
6213e2f2-30bd-4d4d-8a41-e2440f36df81,90,BuildingCSV14,CSV014,ENABLED,Maintenance,,ad4244a6-beb9-44d9-b01e-ae735d3824e2,2024-01-19,20:00,21:00
5cef9516-96ab-48a7-9893-c739599a04c5,80,BuildingCSV12,CSV012,ENABLED,Available,,,,,
59cfdbdd-4e9d-4cf5-a929-af6364fc5c75,95,BuildingCSV15,CSV015,ENABLED,Reserved,,,,,
c29fc43b-078d-4c67-93d3-76255d7abc6c,100,BuildingCSV16,CSV016,ENABLED,Available,,,,,
07661d39-d110-491d-b487-7d4912894e58,85,BuildingCSV13,CSV013,ENABLED,Available,,,,,
79379bb6-1e00-4a72-b12d-b83f202c3a2c,45,BuildingCSV5,CSV005,DISABLED,Available,,,,,
e4e7f061-f095-4c38-9da6-fe3a6bd0e040,60,BuildingCSV8,CSV008,ENABLED,Available,,,,,
d2dd45e1-21b5-4187-9784-6344415e47ca,30,BuildingCSV2,CSV002,ENABLED,Available,,54c4bbf0-7664-4fc3-9ffc-467ef275083c,2024-01-15,10:00,11:00
8b336cd5-1b45-4224-a2fb-4bc01458f361,35,BuildingCSV3,CSV003,ENABLED,Available,,,,,
e1f85d9e-ce26-4e1e-a153-1d4e031bedc3,50,BuildingCSV6,CSV006,ENABLED,Maintenance,,,,,
9b056dca-d4cd-4937-8ee2-4c9b9fb390d6,75,BuildingCSV11,CSV011,ENABLED,Available,,,,,
5db46f12-e225-47e0-a531-77e33a8d05e9,55,BuildingCSV7,CSV007,ENABLED,Available,,6452eb7c-89a6-42c9-8dd1-785e43369c85,2024-01-17,16:00,17:00
c1be4615-683a-4459-b2e8-7a81bda669bd,25,BuildingCSV1,CSV001,ENABLED,Available,,,,,
895c8a72-d83e-4656-8c14-b7e9d1334099,15,BuildingFind,FIND001,ENABLED,Available,,,,,
782931a6-b421-4c1e-b1ed-7d5cbe96f8e7,15,BuildingCase,CASE001,ENABLED,Available,,,,,
17490542-5bc1-4e2c-a3b6-742a9293ba8a,15,BuildingCheckIn,CHECKIN001,ENABLED,Available,,,,,
61861c9c-6012-4bb4-b107-a8ba2d588950,15,BuildingRS,RS001,ENABLED,Available,,,,,
9f495e71-6825-4f4e-bd6c-efe58168fcd9,15,BuildingConflict,CONFLICT001,ENABLED,Available,,,,,
4ba51b8a-256a-4d2d-8580-0a11d1ac301e,15,BuildingState,STATE001,ENABLED,Available,,,,,
62465747-4cb6-4b84-9f86-fb458251b73b,15,BuildingDisabled,DISABLED001,DISABLED,Available,,,,,
e4760d9f-6fa7-4028-941d-9cb430de727c,15,BuildingEmail,EMAIL001,ENABLED,Available,,,,,
e4d1f2e7-7456-44b6-bbf0-cbc0941d7e3c,15,BuildingFail,FAIL001,ENABLED,Available,,,,,
25e48a0c-3c4f-4694-ab30-c1740ac213ab,15,BuildingID,ID001,ENABLED,Available,,,,,
fcfed74a-ebc7-4834-8f44-f2448979f563,15,BuildingNull,NULL001,ENABLED,Available,,,,,
a7351851-4e5c-4016-94c5-89a12a6f1e79,15,BuildingEmpty,EMPTY001,ENABLED,Available,,,,,
9a13c8c0-f5f5-43ec-80a9-969bf8ebcaf7,15,BuildingName,NAME001,ENABLED,Available,,,,,
022b2a09-321f-421c-873f-37a8a14d0f40,15,BuildingGen,GEN001,ENABLED,Available,,,,,
b6435630-a66e-44d4-824a-101180464bf0,15,BuildingGen2,GEN002,ENABLED,Available,,,,,
7f57dc31-dcba-40ce-b582-b05f88ec7b41,40,BuildingCSV4,CSV004,ENABLED,Reserved,,81a43dde-7b44-47cd-b4b1-e141e3435a3f,2024-01-16,14:00,15:00
8560122f-55d3-414d-862e-28be4ee06993,90,BuildingCSV14,CSV014,ENABLED,Maintenance,,c9f4c49a-dc50-4562-b83a-01647b3d5357,2024-01-19,20:00,21:00
d4c54972-0c5a-40a4-9994-845c0586309b,80,BuildingCSV12,CSV012,ENABLED,Available,,,,,
3e7315d4-1895-4d68-86a9-307440247ba2,95,BuildingCSV15,CSV015,ENABLED,Reserved,,,,,
fafdaffb-ffd8-400c-9b6e-0d29a1c1bea7,100,BuildingCSV16,CSV016,ENABLED,Available,,,,,
ff0fdfa5-6353-4346-a11d-2f38ca1db931,85,BuildingCSV13,CSV013,ENABLED,Available,,,,,
b21cf0fe-e175-4966-8851-0566dd01308e,45,BuildingCSV5,CSV005,DISABLED,Available,,,,,
7db2cfae-5188-4b85-afa8-9b73e852648b,60,BuildingCSV8,CSV008,ENABLED,Available,,,,,
c9430588-8192-4d17-8e54-575e22f63276,30,BuildingCSV2,CSV002,ENABLED,Available,,3e138130-995c-4aed-99ff-ae2e93646119,2024-01-15,10:00,11:00
b34d137e-efb9-4f8b-9b7d-0687b32067c9,35,BuildingCSV3,CSV003,ENABLED,Available,,,,,
b66eebb8-f0ce-42bf-aff1-7bc1572ef3f9,50,BuildingCSV6,CSV006,ENABLED,Maintenance,,,,,
4051f3e0-212c-4e5f-8341-cab3a24b1b12,75,BuildingCSV11,CSV011,ENABLED,Available,,,,,
5459a846-9ac9-4d5e-a572-16843b69906b,55,BuildingCSV7,CSV007,ENABLED,Available,,89ecd94e-9e96-4899-af3a-d2591637988c,2024-01-17,16:00,17:00
f45dd47f-22c1-43ae-b2cb-692032ea417c,25,BuildingCSV1,CSV001,ENABLED,Available,,,,,
7904e020-eb82-4056-9779-961cde9484f7,15,BuildingFind,FIND001,ENABLED,Available,,,,,
af2d5565-b6b6-4ff4-a5b3-b306c69215c0,15,BuildingCase,CASE001,ENABLED,Available,,,,,
226bb2aa-dc06-45e7-832b-217ac0cfabf6,15,BuildingCheckIn,CHECKIN001,ENABLED,Available,,,,,
a48c28d3-a5b6-4436-ad2f-7caea7c11f9c,15,BuildingRS,RS001,ENABLED,Available,,,,,
68de2fce-d04a-4608-8850-f98041ba6a9e,15,BuildingConflict,CONFLICT001,ENABLED,Available,,,,,
41b2dd9e-a054-4a21-9e7d-a943f5dc2e06,15,BuildingState,STATE001,ENABLED,Available,,,,,
c3139ed8-b639-481d-a1ae-5372d403912a,15,BuildingDisabled,DISABLED001,DISABLED,Available,,,,,
99073c91-0444-4330-b78e-43e7b197e645,15,BuildingEmail,EMAIL001,ENABLED,Available,,,,,
2e9ccf83-a8fe-4cf4-8444-7de42051ed56,15,BuildingFail,FAIL001,ENABLED,Available,,,,,
3f9a2c36-0a23-46e3-8e81-c59ea539b0fa,15,BuildingID,ID001,ENABLED,Available,,,,,
cffaede6-e7e6-4e2e-b77b-f4748cbc2287,15,BuildingNull,NULL001,ENABLED,Available,,,,,
94fa8e18-c1ba-4a19-9c34-84c31adb48f2,15,BuildingEmpty,EMPTY001,ENABLED,Available,,,,,
8787d1ee-aa4d-49f1-ac3e-0bb4806ffacd,15,BuildingName,NAME001,ENABLED,Available,,,,,
af6b1894-fec3-4736-b7ce-e7bcbe1e1381,15,BuildingGen,GEN001,ENABLED,Available,,,,,
51246cbc-fd5b-47ee-bb1e-c0fcf8d39010,15,BuildingGen2,GEN002,ENABLED,Available,,,,,
ce1f4c20-7b70-4375-aa42-3f3177e6d8a4,40,BuildingCSV4,CSV004,ENABLED,Reserved,,36ec1e41-4c96-42b6-a5cf-3eb674c1cf8f,2024-01-16,14:00,15:00
b9df8f15-edce-4d50-8e59-ef498fa3ae11,90,BuildingCSV14,CSV014,ENABLED,Maintenance,,30878ab8-3c0b-42d7-ba9a-91444eaad4d3,2024-01-19,20:00,21:00
4eab84c7-e01e-4f9b-9572-c91e8aa2154b,80,BuildingCSV12,CSV012,ENABLED,Available,,,,,
3145cead-f74a-40fc-8e61-87ffd5faf11e,95,BuildingCSV15,CSV015,ENABLED,Reserved,,,,,
4d2e563b-f831-44c3-b5db-610a7e9c9dc8,100,BuildingCSV16,CSV016,ENABLED,Available,,,,,
4a794f4d-7ce6-4179-91df-1d2135bd59e1,85,BuildingCSV13,CSV013,ENABLED,Available,,,,,
03df4e83-7f65-4bb9-bdbc-7687430dc755,45,BuildingCSV5,CSV005,DISABLED,Available,,,,,
c677df48-34d2-419f-bf06-62cdebd66199,60,BuildingCSV8,CSV008,ENABLED,Available,,,,,
ca5bbd6a-7d8c-42ad-8290-4cd51e005fae,30,BuildingCSV2,CSV002,ENABLED,Available,,70cb04d2-08e8-4b2b-90d5-d79bc9dfe675,2024-01-15,10:00,11:00
ebeb1d78-bd31-407a-b1f5-9de6223bd18e,35,BuildingCSV3,CSV003,ENABLED,Available,,,,,
5ab4e8be-712d-4438-8486-96d58535e42f,50,BuildingCSV6,CSV006,ENABLED,Maintenance,,,,,
4ba08747-36b4-40a5-9a66-6841cb87f36e,75,BuildingCSV11,CSV011,ENABLED,Available,,,,,
a0ea4633-721a-4e1d-b196-3752c287d9cb,55,BuildingCSV7,CSV007,ENABLED,Available,,3a0710b8-564b-48ef-a1da-1356c03c1a9f,2024-01-17,16:00,17:00
bb61971b-e1ce-4993-b916-713c27198025,25,BuildingCSV1,CSV001,ENABLED,Available,,,,,
ca5ba6f2-1eda-4a5b-b948-e363b61c695f,15,BuildingFind,FIND001,ENABLED,Available,,,,,
59ac5ed2-fa4f-4770-9d3b-4695cec1584b,15,BuildingCase,CASE001,ENABLED,Available,,,,,
0af57667-a508-4e40-b1fc-4d521470f515,15,BuildingCheckIn,CHECKIN001,ENABLED,Available,,,,,
603feaea-1ad7-43bd-9cad-af03ce37b439,15,BuildingRS,RS001,ENABLED,Available,,,,,
5484ccf2-38e2-4ca2-83cb-99494dc2f335,15,BuildingConflict,CONFLICT001,ENABLED,Available,,,,,
7f3e95f8-0350-45b3-be32-cc68e01fd28a,15,BuildingState,STATE001,ENABLED,Available,,,,,
ecf67089-2cda-411c-a1c8-bb926b845c66,15,BuildingDisabled,DISABLED001,DISABLED,Available,,,,,
bb610d4f-16c0-4b9b-8c60-0a80a8643850,15,BuildingEmail,EMAIL001,ENABLED,Available,,,,,
96b0819c-adfd-418a-9220-d32d164dccf2,15,BuildingFail,FAIL001,ENABLED,Available,,,,,
de9a306b-1619-4908-87bd-0c61d73b2a6a,15,BuildingID,ID001,ENABLED,Available,,,,,
ed485c3e-e607-40ca-a775-9051c342f0c3,15,BuildingNull,NULL001,ENABLED,Available,,,,,
f39f053e-965f-4aa4-a478-73d94dd6ee13,15,BuildingEmpty,EMPTY001,ENABLED,Available,,,,,
a847915e-8aaf-4dae-8658-d91be914a207,15,BuildingName,NAME001,ENABLED,Available,,,,,
f8bdb952-e65b-4178-8c5a-1ba034bcb732,15,BuildingGen,GEN001,ENABLED,Available,,,,,
a17cdbae-5dee-45eb-9574-b9229a3b65a0,15,BuildingGen2,GEN002,ENABLED,Available,,,,,
b65ecf27-17c1-430f-93d4-ba22cf50f81e,40,BuildingCSV4,CSV004,ENABLED,Reserved,,8329b14f-64be-4002-8487-b36c53652826,2024-01-16,14:00,15:00
32868870-13e9-490e-97ae-e6b9e456705f,90,BuildingCSV14,CSV014,ENABLED,Maintenance,,7cf8dddd-374f-4181-9883-44b448a0fae2,2024-01-19,20:00,21:00
86116121-5f86-4f78-aa2a-e1de8b8607ef,80,BuildingCSV12,CSV012,ENABLED,Available,,,,,
b52b77be-3226-4fe1-960a-b66387b4003a,95,BuildingCSV15,CSV015,ENABLED,Reserved,,,,,
cc8b3726-0c2c-4c32-81ce-c07fcb487a57,100,BuildingCSV16,CSV016,ENABLED,Available,,,,,
c53dcf9e-904f-4eef-abb5-b41f866359d0,85,BuildingCSV13,CSV013,ENABLED,Available,,,,,
a3a80f53-3e4c-4c4f-963a-3a77d6a2cfa1,45,BuildingCSV5,CSV005,DISABLED,Available,,,,,
42c90317-b472-4519-aab3-e16c215767ee,60,BuildingCSV8,CSV008,ENABLED,Available,,,,,
07e2cf83-0055-4665-8cd2-62ee0c8b9f14,30,BuildingCSV2,CSV002,ENABLED,Available,,931a6880-8917-424c-bfb3-43ba6e5b9187,2024-01-15,10:00,11:00
1e0c1831-af68-4458-9864-1306e7789d32,35,BuildingCSV3,CSV003,ENABLED,Available,,,,,
15e1b96f-1ac6-4335-a3f6-c9af736beb8a,50,BuildingCSV6,CSV006,ENABLED,Maintenance,,,,,
04293ff4-7b96-44fa-a843-21f0ea7e626c,75,BuildingCSV11,CSV011,ENABLED,Available,,,,,
0bc90aa6-0b8f-415f-af7c-ff59ffb97309,55,BuildingCSV7,CSV007,ENABLED,Available,,cad502b7-e9cf-4c1d-a230-dbc84d7d0734,2024-01-17,16:00,17:00
80e09997-2e81-4c12-9b40-2a1bafdc722d,25,BuildingCSV1,CSV001,ENABLED,Available,,,,,
0e59d8d0-6db6-4e5d-b233-be16a34a1ff1,15,BuildingFind,FIND001,ENABLED,Available,,,,,
6fd6d611-5304-4dd6-aacb-7754056881a3,15,BuildingCase,CASE001,ENABLED,Available,,,,,
bd2fb364-217b-4fd6-85ff-9d632cd0915e,15,BuildingCheckIn,CHECKIN001,ENABLED,Available,,,,,
2c0f3155-854f-453c-8425-250ef5e228b9,15,BuildingRS,RS001,ENABLED,Available,,,,,
5371e01d-f582-4651-b552-5c01447dc138,15,BuildingConflict,CONFLICT001,ENABLED,Available,,,,,
b7be289c-ddfc-428f-b7c4-75e1101f8fef,15,BuildingState,STATE001,ENABLED,Available,,,,,
8ed9c27f-8c55-4610-9672-38d8597378d8,15,BuildingDisabled,DISABLED001,DISABLED,Available,,,,,
9f904dfc-e7e0-4e50-976b-10ed84cd1640,15,BuildingEmail,EMAIL001,ENABLED,Available,,,,,
16cf51e6-c137-4691-909e-0d7de049c3b2,15,BuildingFail,FAIL001,ENABLED,Available,,,,,
c51868d7-23e7-4a3c-8c33-7f702a18c228,15,BuildingID,ID001,ENABLED,Available,,,,,
bc3189c1-e01c-4628-b270-c382c8bce060,15,BuildingNull,NULL001,ENABLED,Available,,,,,
35856086-83b9-4493-b4f7-08024cd8bb47,15,BuildingEmpty,EMPTY001,ENABLED,Available,,,,,
0f0afa76-5f00-4f2e-b8c5-4ec7ae4065e9,15,BuildingName,NAME001,ENABLED,Available,,,,,
ee2ff23c-be85-4268-aa61-a7cf7708f35d,15,BuildingGen,GEN001,ENABLED,Available,,,,,
1a33a44c-313b-45ae-8088-ed93d91c260f,15,BuildingGen2,GEN002,ENABLED,Available,,,,,
c0fe2ae5-a357-4370-9d85-440506f3bfc7,15,BuildingID,ID001,ENABLED,Available,,,,,
3327ef86-cb76-4273-9292-0b62b9b20eea,15,BuildingNull,NULL001,ENABLED,Available,,,,,
e6405e53-ec5d-4106-ab8e-157673543261,15,BuildingEmpty,EMPTY001,ENABLED,Available,,,,,
798a7d3f-0398-4547-a422-05facce49b7f,15,BuildingName,NAME001,ENABLED,Available,,,,,
3afa29d2-a6df-4b57-ac0f-e7470fbd04e2,15,BuildingGen,GEN001,ENABLED,Available,,,,,
b0333231-f4f6-4285-9fc2-c2a7ead3c4ac,15,BuildingGen2,GEN002,ENABLED,Available,,,,,
26300193-8318-47eb-bde0-d980aef9bdb3,15,BuildingID,ID001,ENABLED,Available,,,,,
bec70024-82c4-43ff-86c8-78c977dad51e,15,BuildingNull,NULL001,ENABLED,Available,,,,,
32f27d3e-4cfd-4ba5-b6a9-cc186cf5c024,15,BuildingEmpty,EMPTY001,ENABLED,Available,,,,,
6854d630-ce93-4c1f-98fe-1f577b876fff,15,BuildingName,NAME001,ENABLED,Available,,,,,
5b2bd658-ad01-42c1-af3a-ec1bc17fadde,15,BuildingGen,GEN001,ENABLED,Available,,,,,
e377b483-35fe-4643-80fa-fbcad5d13bb9,15,BuildingGen2,GEN002,ENABLED,Available,,,,,
eca0c2a6-a5b9-4f42-ad6e-75467df06576,15,BuildingID,ID001,ENABLED,Available,,,,,
436d0ac2-9fab-4e86-8f39-24214ce5ce08,15,BuildingNull,NULL001,ENABLED,Available,,,,,
62af3a74-6f0b-4159-b4d0-6835a9513ad9,15,BuildingEmpty,EMPTY001,ENABLED,Available,,,,,
bdd10dae-ff69-461a-afcb-e67e6a8cfb2d,15,BuildingName,NAME001,ENABLED,Available,,,,,
884aecf5-61a1-4daf-8d12-b40d4fcc4fb5,15,BuildingGen,GEN001,ENABLED,Available,,,,,
b7271d0c-c68c-4100-8f97-8ae5d8fc7260,15,BuildingGen2,GEN002,ENABLED,Available,,,,,
884011a3-24fe-4bc5-9816-b2dc48c47312,15,BuildingID,ID001,ENABLED,Available,,,,,
db08af95-51a0-4596-96b1-9e2d2428a6cf,15,BuildingNull,NULL001,ENABLED,Available,,,,,
99dfb7cb-ccb5-4605-b146-bde1de5409dd,15,BuildingEmpty,EMPTY001,ENABLED,Available,,,,,
f19a12e7-3877-4ca3-aca1-901447cd3469,15,BuildingName,NAME001,ENABLED,Available,,,,,
3e2c7286-bed2-4a0b-96fd-5309150c1631,15,BuildingGen,GEN001,ENABLED,Available,,,,,
baeb073f-aeaf-4da8-9849-f370a8b6f7f4,15,BuildingGen2,GEN002,ENABLED,Available,,,,,
ecb5ab35-6f1d-405c-9275-6db84d1b24ef,15,BuildingID,ID001,ENABLED,Available,,,,,
0b0ee6fe-4715-4653-b4b3-bcfd6493ad49,15,BuildingNull,NULL001,ENABLED,Available,,,,,
8f8ff73d-1b61-4ca5-a671-ec3e95547cef,15,BuildingEmpty,EMPTY001,ENABLED,Available,,,,,
df5358b6-f38b-4406-83b8-ede7bcb72eb6,15,BuildingName,NAME001,ENABLED,Available,,,,,
c9605355-6ba1-42a7-bdfe-87d54e0612e0,15,BuildingGen,GEN001,ENABLED,Available,,,,,
05579e4b-c12c-4f95-a049-45ae097f78cf,15,BuildingGen2,GEN002,ENABLED,Available,,,,,
ebb31bdd-6080-4e2b-ac4d-07274949b6c3,15,BuildingID,ID001,ENABLED,Available,,,,,
3cd726a6-e00d-4766-aa73-9bd95964a685,15,BuildingNull,NULL001,ENABLED,Available,,,,,
08e5836d-0d9a-49a8-b682-31d1f8f2e5eb,15,BuildingEmpty,EMPTY001,ENABLED,Available,,,,,
25232dc5-9bee-4b88-a110-9a9937c93629,15,BuildingName,NAME001,ENABLED,Available,,,,,
ed89f853-7294-4ad6-958f-fd83e95929c4,15,BuildingGen,GEN001,ENABLED,Available,,,,,
b06e354c-7617-41e3-b108-940954d3cc36,15,BuildingGen2,GEN002,ENABLED,Available,,,,,
708b0108-1d9d-4625-8323-9483767935d4,40,BuildingCSV4,CSV004,ENABLED,Reserved,,2a1604e1-6f6c-4c6b-81e3-f89132aff9b7,2024-01-16,14:00,15:00
0057a41d-51db-445a-8f5f-c6e37b282568,90,BuildingCSV14,CSV014,ENABLED,Maintenance,,0c269f6f-2086-4244-97f6-95ef91215955,2024-01-19,20:00,21:00
dba9533e-dcff-4524-9adc-190e482dfe69,80,BuildingCSV12,CSV012,ENABLED,Available,,,,,
4297c570-6c7b-4f2d-9ca6-f7660906d450,95,BuildingCSV15,CSV015,ENABLED,Reserved,,,,,
b33b7b34-f22f-417a-9e0c-05e32d02b8a1,100,BuildingCSV16,CSV016,ENABLED,Available,,,,,
a360a959-dc94-4fc9-b176-fae9ee58c1d7,85,BuildingCSV13,CSV013,ENABLED,Available,,,,,
266cc247-0ba8-4156-9e0b-cc7383505c2e,45,BuildingCSV5,CSV005,DISABLED,Available,,,,,
76f4a336-c2b4-4f0d-9a34-86d513296929,60,BuildingCSV8,CSV008,ENABLED,Available,,,,,
2e565f30-259f-41f0-82ec-d05b7568da95,30,BuildingCSV2,CSV002,ENABLED,Available,,b06f3611-4bc0-4333-adf6-1480671f7884,2024-01-15,10:00,11:00
0bbcaeef-6423-4373-a7c2-255ffa683cbc,35,BuildingCSV3,CSV003,ENABLED,Available,,,,,
fcb67272-ac6d-4a9f-a826-64028bcc5be3,50,BuildingCSV6,CSV006,ENABLED,Maintenance,,,,,
7c10082d-4269-4023-988b-cff2cc252347,75,BuildingCSV11,CSV011,ENABLED,Available,,,,,
44584488-0efc-4738-ae2a-3b594a7fe674,55,BuildingCSV7,CSV007,ENABLED,Available,,f9829f20-3873-4996-be48-66276a53776f,2024-01-17,16:00,17:00
be594230-0156-4152-9791-8c841ed806df,25,BuildingCSV1,CSV001,ENABLED,Available,,,,,
c1cf0d94-3954-48e2-acb8-5a25a4c5687e,15,BuildingFind,FIND001,ENABLED,Available,,,,,
e91886e6-a746-4eeb-b2b8-fbab3dea9255,15,BuildingCase,CASE001,ENABLED,Available,,,,,
67943cdb-bc08-4969-8129-b98350fd4b0b,15,BuildingCheckIn,CHECKIN001,ENABLED,Available,,,,,
f41191d9-65d1-41c0-8efc-b6a1017fcdc5,15,BuildingRS,RS001,ENABLED,Available,,,,,
1a12fbdd-f1dc-4ded-ba52-bfb3c2579494,15,BuildingConflict,CONFLICT001,ENABLED,Available,,,,,
7987b54a-e37b-4ad0-8640-fc8039d0ab5a,15,BuildingState,STATE001,ENABLED,Available,,,,,
726a3ed9-1a5a-4945-9822-6c10442e88a5,15,BuildingDisabled,DISABLED001,DISABLED,Available,,,,,
2d34ef66-6295-42ff-80f8-713d514e7fcf,15,BuildingEmail,EMAIL001,ENABLED,Available,,,,,
4776afbd-4406-464f-8abb-a5185e1c00f2,15,BuildingFail,FAIL001,ENABLED,Available,,,,,
b7e29c70-c609-4380-bf60-60e629f03a70,15,BuildingID,ID001,ENABLED,Available,,,,,
ce7cbd8d-edc0-4068-8705-265b14506446,15,BuildingNull,NULL001,ENABLED,Available,,,,,
2a5a5790-3dfc-4acf-ad20-40b586d79a30,15,BuildingEmpty,EMPTY001,ENABLED,Available,,,,,
e760cfaf-622c-46d8-8b74-191cddc504e3,15,BuildingName,NAME001,ENABLED,Available,,,,,
ab402ff4-44b4-4984-9491-f160ee403e36,15,BuildingGen,GEN001,ENABLED,Available,,,,,
070845c5-c8b2-4d24-9884-9418807dc4f3,15,BuildingGen2,GEN002,ENABLED,Available,,,,,
